{
  "spec/features/admin/debates_spec.rb": 3.196030855178833,
  "spec/lib/manager_authenticator_spec.rb": 0.7661557197570801,
  "spec/helpers/geozones_helper_spec.rb": 0.3235890865325928,
  "spec/features/valuation_spec.rb": 1.5787968635559082,
  "spec/features/comments/proposals_spec.rb": 16.83220624923706,
  "spec/helpers/verification_helper_spec.rb": 0.2460770606994629,
  "spec/features/verification/level_three_verification_spec.rb": 2.016052007675171,
  "spec/features/stats_spec.rb": 1.1409127712249756,
  "spec/controllers/concerns/has_filters_spec.rb": 0.4043538570404053,
  "spec/models/organization_spec.rb": 1.1652114391326904,
  "spec/features/admin/users_spec.rb": 1.5635802745819092,
  "spec/features/admin/proposals_spec.rb": 2.2328972816467285,
  "spec/features/ckeditor_spec.rb": 0.7215390205383301,
  "spec/features/users_auth_spec.rb": 5.428045988082886,
  "spec/lib/wysiwyg_sanitizer_spec.rb": 0.31694674491882324,
  "spec/helpers/orders_helper_spec.rb": 0.22522211074829102,
  "spec/features/admin_spec.rb": 1.694303035736084,
  "spec/features/admin/comments_spec.rb": 2.8705501556396484,
  "spec/lib/tag_sanitizer_spec.rb": 0.3478989601135254,
  "spec/features/votes_spec.rb": 13.293350458145142,
  "spec/helpers/application_helper_spec.rb": 0.47275686264038086,
  "spec/features/management/spending_proposals_spec.rb": 4.437402725219727,
  "spec/features/users_spec.rb": 6.648370027542114,
  "spec/models/abilities/moderator_spec.rb": 7.65787410736084,
  "spec/features/welcome_spec.rb": 1.5993311405181885,
  "spec/features/management/email_verifications_spec.rb": 0.3190898895263672,
  "spec/features/localization_spec.rb": 0.8935031890869141,
  "spec/mailers/mailer_spec.rb": 0.1826329231262207,
  "spec/models/valuator_spec.rb": 0.2230076789855957,
  "spec/features/organizations_spec.rb": 0.7282412052154541,
  "spec/features/moderation/debates_spec.rb": 5.6599204540252686,
  "spec/models/verification/management/email_spec.rb": 0.8871691226959229,
  "spec/helpers/votes_helper_spec.rb": 0.8153252601623535,
  "spec/lib/census_api_spec.rb": 0.8195827007293701,
  "spec/lib/cache_spec.rb": 0.16429710388183594,
  "spec/features/management/document_verifications_spec.rb": 1.4376773834228516,
  "spec/controllers/management/base_controller_spec.rb": 0.3214681148529053,
  "spec/features/management/account_spec.rb": 1.284877061843872,
  "spec/features/tags_spec.rb": 5.2347259521484375,
  "spec/features/management/users_spec.rb": 2.2339844703674316,
  "spec/models/abilities/administrator_spec.rb": 4.104190111160278,
  "spec/features/proposal_ballots_spec.rb": 1.0345211029052734,
  "spec/models/abilities/organization_spec.rb": 1.2938573360443115,
  "spec/features/spending_proposals_spec.rb": 3.00465989112854,
  "spec/features/direct_messages_spec.rb": 1.7699065208435059,
  "spec/features/proposal_notifications_spec.rb": 3.206688642501831,
  "spec/features/admin/feature_flags_spec.rb": 0.7250113487243652,
  "spec/features/valuation/spending_proposals_spec.rb": 9.08467411994934,
  "spec/controllers/management/users_controller_spec.rb": 0.14328908920288086,
  "spec/features/debates_spec.rb": 32.769495487213135,
  "spec/lib/acts_as_paranoid_aliases_spec.rb": 0.672633171081543,
  "spec/lib/acts_as_taggable_on_spec.rb": 0.4580230712890625,
  "spec/models/proposal_notification_spec.rb": 0.8798811435699463,
  "spec/models/abilities/everyone_spec.rb": 1.4743411540985107,
  "spec/controllers/debates_controller_spec.rb": 0.597097635269165,
  "spec/features/official_positions_spec.rb": 1.7662339210510254,
  "spec/features/verification/verification_path_spec.rb": 1.8311583995819092,
  "spec/models/notification_spec.rb": 1.6735141277313232,
  "spec/features/tracks_spec.rb": 2.7991549968719482,
  "spec/features/management/proposals_spec.rb": 4.453279733657837,
  "spec/models/custom/residence_spec.rb": 0.26375889778137207,
  "spec/features/admin/stats_spec.rb": 3.427401304244995,
  "spec/controllers/management/sessions_controller_spec.rb": 0.6672155857086182,
  "spec/features/comments/debates_spec.rb": 17.62152862548828,
  "spec/features/admin/activity_spec.rb": 8.008464813232422,
  "spec/models/residence_spec.rb": 1.7478408813476562,
  "spec/features/moderation/comments_spec.rb": 6.95853328704834,
  "spec/models/flag_spec.rb": 1.2313306331634521,
  "spec/models/geozone_spec.rb": 0.21416401863098145,
  "spec/models/debate_spec.rb": 13.919430494308472,
  "spec/mailers/devise_mailer_spec.rb": 0.3003346920013428,
  "spec/features/moderation/users_spec.rb": 1.304518222808838,
  "spec/features/verification/residence_spec.rb": 2.4076998233795166,
  "spec/features/admin/banners_spec.rb": 3.2043681144714355,
  "spec/models/user_spec.rb": 8.115702629089355,
  "spec/helpers/users_helper_spec.rb": 0.6146798133850098,
  "spec/models/lock_spec.rb": 0.5752274990081787,
  "spec/features/admin/officials_spec.rb": 1.1229417324066162,
  "spec/features/legislation_spec.rb": 2.646373987197876,
  "spec/features/management/localization_spec.rb": 1.276548147201538,
  "spec/models/abilities/common_spec.rb": 8.870994567871094,
  "spec/controllers/concerns/has_orders_spec.rb": 0.5060961246490479,
  "spec/models/verification/management/document_spec.rb": 0.55743408203125,
  "spec/models/letter_spec.rb": 0.73256516456604,
  "spec/features/moderation/proposals_spec.rb": 5.034556865692139,
  "spec/features/emails_spec.rb": 9.274869441986084,
  "spec/features/verification/verified_user_spec.rb": 1.4910340309143066,
  "spec/helpers/proposals_helper_spec.rb": 1.1765329837799072,
  "spec/controllers/pages_controller_spec.rb": 1.35672926902771,
  "spec/i18n_spec.rb": 27.789604902267456,
  "spec/features/verification/sms_spec.rb": 1.5330836772918701,
  "spec/lib/email_digests_spec.rb": 1.1210927963256836,
  "spec/features/proposals_spec.rb": 43.270474910736084,
  "spec/features/verification/level_two_verification_spec.rb": 0.5128798484802246,
  "spec/models/comment_spec.rb": 2.6471173763275146,
  "spec/models/identity_spec.rb": 0.08924984931945801,
  "spec/models/vote_spec.rb": 0.6714668273925781,
  "spec/models/spending_proposal_spec.rb": 6.144777774810791,
  "spec/features/sessions_spec.rb": 0.6140999794006348,
  "spec/features/registration_form_spec.rb": 1.3086371421813965,
  "spec/features/admin/tags_spec.rb": 1.2578890323638916,
  "spec/customization_engine_spec.rb": 0.9755609035491943,
  "spec/features/admin/organizations_spec.rb": 4.552514553070068,
  "spec/models/proposal_spec.rb": 14.755258560180664,
  "spec/features/moderation_spec.rb": 1.702514410018921,
  "spec/helpers/settings_helper_spec.rb": 0.22182989120483398,
  "spec/models/tag_cloud_spec.rb": 2.6144700050354004,
  "spec/features/user_invites_spec.rb": 0.22390198707580566,
  "spec/models/activity_spec.rb": 1.5089714527130127,
  "spec/controllers/admin/api/stats_controller_spec.rb": 0.6779742240905762,
  "spec/features/management/managed_users_spec.rb": 1.556541919708252,
  "spec/models/direct_message_spec.rb": 1.4555466175079346,
  "spec/features/admin/spending_proposals_spec.rb": 16.1976478099823,
  "spec/controllers/users/registrations_controller_spec.rb": 0.24361419677734375,
  "spec/features/admin/moderators_spec.rb": 1.3666069507598877,
  "spec/models/sms_spec.rb": 0.352916955947876,
  "spec/models/setting_spec.rb": 1.2480311393737793,
  "spec/features/verification/email_spec.rb": 0.6614222526550293,
  "spec/features/admin/valuators_spec.rb": 0.9944217205047607,
  "spec/models/ahoy/data_source_spec.rb": 0.4324939250946045,
  "spec/features/account_spec.rb": 2.387765407562256,
  "spec/features/notifications_spec.rb": 10.897897958755493,
  "spec/features/campaigns_spec.rb": 1.1797480583190918,
  "spec/features/home_spec.rb": 1.0699732303619385,
  "spec/features/admin/verifications_spec.rb": 1.4650330543518066,
  "spec/features/admin/managers_spec.rb": 1.3956513404846191,
  "spec/models/abilities/valuator_spec.rb": 0.40586066246032715,
  "spec/helpers/comments_helper_spec.rb": 0.7347445487976074,