{
  "spec/features/organizations_spec.rb": 3.8645434379577637,
  "spec/models/budget/heading_spec.rb": 0.23225903511047363,
  "spec/models/legislation/question_spec.rb": 0.37594175338745117,
  "spec/features/localization_spec.rb": 8.787731885910034,
  "spec/models/spending_proposal_spec.rb": 5.810762405395508,
  "spec/features/site_customization/content_blocks_spec.rb": 0.40235066413879395,
  "spec/models/custom/residence_spec.rb": 0.09572529792785645,
  "spec/features/budgets/investments_spec.rb": 113.65627837181091,
  "spec/lib/acts_as_paranoid_aliases_spec.rb": 0.3478579521179199,
  "spec/models/custom/probe_option_spec.rb": 0.19898486137390137,
  "spec/models/organization_spec.rb": 0.1311171054840088,
  "spec/lib/tag_sanitizer_spec.rb": 0.0005776882171630859,
  "spec/lib/migrate_spending_proposals_to_investments_spec.rb": 1.39670991897583,
  "spec/features/budgets/recommendation_spec.rb": 4.512268781661987,
  "spec/controllers/legislation/answers_controller_spec.rb": 0.5790717601776123,
  "spec/models/valuator_spec.rb": 0.029300212860107422,
  "spec/features/verification/email_spec.rb": 1.5659699440002441,
  "spec/features/user_invites_spec.rb": 0.3915860652923584,
  "spec/features/admin/budget_investments_spec.rb": 26.651702165603638,
  "spec/features/admin/tags_spec.rb": 1.2512974739074707,
  "spec/features/admin/legislation/draft_versions_spec.rb": 3.7339582443237305,
  "spec/models/budget/result_spec.rb": 0.9627044200897217,
  "spec/features/admin/geozones_spec.rb": 2.16982364654541,
  "spec/features/communities_spec.rb": 2.376217842102051,
  "spec/models/abilities/organization_spec.rb": 0.39575648307800293,
  "spec/models/abilities/common_spec.rb": 13.83645510673523,
  "spec/models/poll/recount_spec.rb": 0.3745276927947998,
  "spec/models/custom/probe_spec.rb": 0.0954599380493164,
  "spec/models/notification_spec.rb": 0.46514153480529785,
  "spec/models/lock_spec.rb": 0.08588147163391113,
  "spec/features/spending_proposals_spec.rb": 116.63535070419312,
  "spec/models/poll/poll_spec.rb": 0.9627904891967773,
  "spec/features/moderation/users_spec.rb": 1.6941478252410889,
  "spec/features/admin/activity_spec.rb": 10.306996583938599,
  "spec/features/comments/topics_spec.rb": 36.48366403579712,
  "spec/features/verification/sms_spec.rb": 2.1778147220611572,
  "spec/models/comment_spec.rb": 2.0347440242767334,
  "spec/features/officing/results_spec.rb": 2.321383237838745,
  "spec/features/admin/administrators_spec.rb": 4.064205169677734,
  "spec/controllers/comments_controller_spec.rb": 0.32381510734558105,
  "spec/models/proposal_notification_spec.rb": 0.3763444423675537,
  "spec/models/topic_spec.rb": 0.39308977127075195,
  "spec/features/admin/poll/booths_spec.rb": 3.135589361190796,
  "spec/models/poll/booth_spec.rb": 0.060048818588256836,
  "spec/models/site_customization/content_block_spec.rb": 0.012612581253051758,
  "spec/lib/graph_ql/api_types_creator_spec.rb": 0.005335569381713867,
  "spec/features/forum_spec.rb": 2.919600009918213,
  "spec/features/proposals_spec.rb": 151.72369861602783,
  "spec/helpers/votes_helper_spec.rb": 0.3275108337402344,
  "spec/features/budgets/votes_spec.rb": 3.147942543029785,
  "spec/features/admin/banners_spec.rb": 3.364513635635376,
  "spec/lib/tasks/settings_spec.rb": 0.18629908561706543,
  "spec/features/officing/nvotes_spec.rb": 524.9087908267975,
  "spec/features/budgets/custom_urls_spec.rb": 1.4905169010162354,
  "spec/models/proposal_spec.rb": 6.253327131271362,
  "spec/helpers/application_helper_spec.rb": 0.09679460525512695,
  "spec/features/admin/valuators_spec.rb": 2.561293840408325,
  "spec/features/welcome_spec.rb": 1.3132848739624023,
  "spec/features/verification/verification_path_spec.rb": 1.4199833869934082,
  "spec/helpers/spending_proposals_helper_spec.rb": 0.3322467803955078,
  "spec/helpers/verification_helper_spec.rb": 0.0008580684661865234,
  "spec/lib/local_census_spec.rb": 0.012191057205200195,
  "spec/features/admin/poll/questions_spec.rb": 2.208112955093384,
  "spec/features/admin/proposals_spec.rb": 1.9110145568847656,
  "spec/features/tags_spec.rb": 3.6314375400543213,
  "spec/features/verification/residence_spec.rb": 2.940084934234619,
  "spec/features/admin/moderators_spec.rb": 3.704102039337158,
  "spec/models/redeemable_code_spec.rb": 0.07622623443603516,
  "spec/helpers/text_helper_spec.rb": 0.0005321502685546875,
  "spec/lib/age_spec.rb": 0.0006783008575439453,
  "spec/models/signature_spec.rb": 1.5144803524017334,
  "spec/features/admin/stats_spec.rb": 16.023159742355347,
  "spec/models/legislation/draft_version_spec.rb": 0.024901151657104492,
  "spec/features/voluteer_poll_spec.rb": 0.6076133251190186,
  "spec/controllers/debates_controller_spec.rb": 0.36417365074157715,
  "spec/features/comments/debates_spec.rb": 15.989103317260742,
  "spec/models/abilities/administrator_spec.rb": 3.179210662841797,
  "spec/features/admin_spec.rb": 0.8369386196136475,
  "spec/controllers/pages_controller_spec.rb": 0.2666633129119873,
  "spec/models/abilities/everyone_spec.rb": 0.10381746292114258,
  "spec/controllers/users/registrations_controller_spec.rb": 0.025133132934570312,
  "spec/models/poll/stats_spec.rb": 0.00010323524475097656,
  "spec/models/legislation/question_option_spec.rb": 0.06509113311767578,
  "spec/models/poll/partial_result_spec.rb": 0.4085962772369385,
  "spec/models/abilities/valuator_spec.rb": 1.8457505702972412,
  "spec/features/moderation/debates_spec.rb": 5.651742219924927,
  "spec/features/comments/legislation_annotations_spec.rb": 22.197850704193115,
  "spec/features/comments/polls_spec.rb": 9.286577939987183,
  "spec/features/custom/probe_options_spec.rb": 3.381502628326416,
  "spec/features/admin/newsletters_spec.rb": 0.24804997444152832,
  "spec/models/poll/officer_assignment_spec.rb": 0.03209805488586426,
  "spec/models/flag_spec.rb": 0.6571149826049805,
  "spec/models/activity_spec.rb": 1.2325541973114014,
  "spec/models/legislation/process_spec.rb": 0.17041015625,
  "spec/features/admin/debates_spec.rb": 1.990161418914795,
  "spec/features/ckeditor_spec.rb": 1.0866918563842773,
  "spec/mailers/mailer_spec.rb": 0.11521100997924805,
  "spec/features/management/managed_users_spec.rb": 1.9611470699310303,
  "spec/features/valuation/spending_proposals_spec.rb": 10.439918994903564,
  "spec/models/custom/probe_selection_spec.rb": 0.05818295478820801,
  "spec/features/officing/voters_spec.rb": 8.711199760437012,
  "spec/models/volunteer_poll_spec.rb": 0.010395526885986328,
  "spec/helpers/admin_helper_spec.rb": 0.009186983108520508,
  "spec/features/officing_spec.rb": 7.495865106582642,
  "spec/features/management/users_spec.rb": 3.0225284099578857,
  "spec/lib/wysiwyg_sanitizer_spec.rb": 0.0022902488708496094,
  "spec/features/polls/questions_spec.rb": 0.3225109577178955,
  "spec/features/moderation/proposals_spec.rb": 6.910999536514282,
  "spec/features/comments/proposals_spec.rb": 24.106780767440796,
  "spec/models/budget/investment/milestone_spec.rb": 0.13274168968200684,
  "spec/features/admin/legislation/questions_spec.rb": 5.4095001220703125,
  "spec/models/poll/nvote_spec.rb": 0.4857664108276367,
  "spec/features/polls/results_spec.rb": 4.131187915802002,
  "spec/features/human_rights_spec.rb": 12.240053176879883,
  "spec/controllers/graphql_controller_spec.rb": 0.7071340084075928,
  "spec/models/ballot_line_spec.rb": 1.119938850402832,
  "spec/models/stat_spec.rb": 0.06412339210510254,
  "spec/features/valuation_spec.rb": 1.598221778869629,
  "spec/models/abilities/officing/voter_spec.rb": 0.041165828704833984,
  "spec/models/direct_upload_spec.rb": 1.7048561573028564,
  "spec/features/admin/poll/questions/answers/videos/videos_spec.rb": 0.7923657894134521,
  "spec/features/proposal_notifications_spec.rb": 5.9188783168792725,
  "spec/views/welcome/index.html.erb_spec.rb": 0.17103886604309082,
  "spec/lib/email_digests_spec.rb": 0.7426819801330566,
  "spec/models/poll/answer_spec.rb": 0.3992130756378174,