{
  "spec/features/voluteer_poll_spec.rb": 37.933488845825195,
  "spec/models/direct_message_spec.rb": 0.5410811901092529,
  "spec/models/redeemable_code_spec.rb": 0.09211087226867676,
  "spec/models/sms_spec.rb": 0.03647422790527344,
  "spec/models/abilities/moderator_spec.rb": 3.8659684658050537,
  "spec/controllers/management/sessions_controller_spec.rb": 0.10896420478820801,
  "spec/features/admin/settings_spec.rb": 6.683708429336548,
  "spec/models/stat_spec.rb": 0.057663679122924805,
  "spec/features/officing/voters_spec.rb": 9.385634183883667,
  "spec/features/verification/verification_path_spec.rb": 1.9501712322235107,
  "spec/features/site_customization/content_blocks_spec.rb": 1.1039457321166992,
  "spec/helpers/users_helper_spec.rb": 1.3108580112457275,
  "spec/features/users_auth_spec.rb": 13.37266755104065,
  "spec/features/organizations_spec.rb": 0.647282600402832,
  "spec/models/site_customization/page_spec.rb": 0.018918991088867188,
  "spec/features/comments/spending_proposals_spec.rb": 19.369349002838135,
  "spec/lib/acts_as_paranoid_aliases_spec.rb": 0.3311502933502197,
  "spec/features/admin/hidden_users_spec.rb": 2.027862548828125,
  "spec/models/budget/group_spec.rb": 0.0624542236328125,
  "spec/lib/wysiwyg_sanitizer_spec.rb": 0.002379894256591797,
  "spec/features/admin/users_spec.rb": 0.6904609203338623,
  "spec/controllers/comments_controller_spec.rb": 0.6288712024688721,
  "spec/features/budgets/recommendation_spec.rb": 11.953521013259888,
  "spec/features/stats_spec.rb": 1.3735988140106201,
  "spec/models/legislation/question_option_spec.rb": 0.06370830535888672,
  "spec/models/legislation/question_spec.rb": 0.5526361465454102,
  "spec/features/admin/geozones_spec.rb": 3.803976535797119,
  "spec/models/custom/probe_spec.rb": 0.12157297134399414,
  "spec/models/direct_upload_spec.rb": 1.3674626350402832,
  "spec/features/admin/newsletters_spec.rb": 0.3096890449523926,
  "spec/models/poll/officer_spec.rb": 0.39754700660705566,
  "spec/features/admin/feature_flags_spec.rb": 1.1535582542419434,
  "spec/helpers/spending_proposals_helper_spec.rb": 0.3647472858428955,
  "spec/features/admin/stats_spec.rb": 23.10772180557251,
  "spec/features/admin/spending_proposals_spec.rb": 40.370224952697754,
  "spec/features/admin/site_customization/pages_spec.rb": 1.6516928672790527,
  "spec/features/officing_spec.rb": 1.9889533519744873,
  "spec/models/budget/reclassified_vote_spec.rb": 0.2699258327484131,
  "spec/models/signature_spec.rb": 1.906991720199585,
  "spec/models/poll/shift_spec.rb": 0.5920155048370361,
  "spec/features/admin/poll/booth_assigments_spec.rb": 7.1314427852630615,
  "spec/models/signature_sheet_spec.rb": 0.941277027130127,
  "spec/features/admin/poll/shifts_spec.rb": 7.755779266357422,
  "spec/features/campaigns_spec.rb": 1.4478576183319092,
  "spec/features/admin/legislation/questions_spec.rb": 5.953354597091675,
  "spec/features/user_invites_spec.rb": 0.3157460689544678,
  "spec/features/valuation/spending_proposals_spec.rb": 11.684455394744873,
  "spec/features/moderation_spec.rb": 1.3055124282836914,
  "spec/models/budget/ballot_spec.rb": 0.767291784286499,
  "spec/features/proposals_spec.rb": 210.15799021720886,
  "spec/features/verification/residence_spec.rb": 3.8714118003845215,
  "spec/models/debate_spec.rb": 5.633110523223877,
  "spec/features/budgets/investments_spec.rb": 125.21896529197693,
  "spec/helpers/text_helper_spec.rb": 0.0007491111755371094,
  "spec/features/comments/budget_investments_spec.rb": 20.708879947662354,
  "spec/features/api/csv_exporter_spec.rb": 6.496184825897217,
  "spec/features/forum_spec.rb": 2.533085823059082,
  "spec/models/custom/probe_option_spec.rb": 0.13792896270751953,
  "spec/features/welcome_spec.rb": 1.7484767436981201,
  "spec/controllers/concerns/has_orders_spec.rb": 0.20730137825012207,
  "spec/models/topic_spec.rb": 0.46452903747558594,
  "spec/features/verification/verified_user_spec.rb": 1.2025771141052246,
  "spec/models/poll/recount_spec.rb": 0.3518819808959961,
  "spec/models/poll/voter_spec.rb": 1.1381971836090088,
  "spec/helpers/application_helper_spec.rb": 0.12551474571228027,
  "spec/features/admin/budgets_spec.rb": 6.5910422801971436,
  "spec/models/identity_spec.rb": 0.0026171207427978516,
  "spec/controllers/legislation/annotations_controller_spec.rb": 1.0471081733703613,
  "spec/features/answers_spec.rb": 0.3960690498352051,
  "spec/features/polls/polls_spec.rb": 14.905833959579468,
  "spec/features/admin/poll/booths_spec.rb": 3.272608518600464,
  "spec/features/admin/budget_investments_spec.rb": 38.225971698760986,
  "spec/features/admin/managers_spec.rb": 3.218065023422241,
  "spec/models/tag_spec.rb": 0.22566008567810059,
  "spec/helpers/geozones_helper_spec.rb": 0.21258926391601562,
  "spec/features/officing/results_spec.rb": 2.1124677658081055,
  "spec/features/communities_spec.rb": 2.251014471054077,
  "spec/features/proposal_notifications_spec.rb": 5.148011684417725,
  "spec/helpers/settings_helper_spec.rb": 0.022893428802490234,
  "spec/features/polls/voter_spec.rb": 12.142550230026245,
  "spec/features/comments/polls_spec.rb": 10.860893249511719,
  "spec/features/tracks_spec.rb": 22.23629879951477,
  "spec/models/organization_spec.rb": 0.2128901481628418,
  "spec/features/home_spec.rb": 1.3693664073944092,
  "spec/helpers/verification_helper_spec.rb": 0.001600503921508789,
  "spec/models/geozone_spec.rb": 0.27747631072998047,
  "spec/models/poll/answer_spec.rb": 0.29994869232177734,
  "spec/features/admin/poll/questions_spec.rb": 2.8361055850982666,
  "spec/models/community_spec.rb": 0.1584460735321045,
  "spec/features/verification/sms_spec.rb": 2.007490873336792,
  "spec/mailers/devise_mailer_spec.rb": 0.28667187690734863,
  "spec/features/management/document_verifications_spec.rb": 1.3634889125823975,
  "spec/models/ballot_spec.rb": 0.4522864818572998,
  "spec/controllers/management/base_controller_spec.rb": 0.019928455352783203,
  "spec/features/budgets/custom_urls_spec.rb": 1.5088040828704834,
  "spec/lib/proposal_calculator_spec.rb": 0.6364586353302002,
  "spec/models/lock_spec.rb": 0.15555119514465332,
  "spec/models/poll/booth_spec.rb": 0.054239511489868164,
  "spec/controllers/concerns/has_filters_spec.rb": 0.14824581146240234,
  "spec/features/admin/legislation/draft_versions_spec.rb": 4.442844867706299,
  "spec/controllers/graphql_controller_spec.rb": 0.7402374744415283,
  "spec/features/sessions_spec.rb": 0.4900999069213867,
  "spec/features/admin/tags_spec.rb": 1.2930691242218018,
  "spec/models/budget/investment/milestone_spec.rb": 0.14951467514038086,
  "spec/features/verification/level_two_verification_spec.rb": 0.7438290119171143,
  "spec/models/legislation/process_spec.rb": 0.1177225112915039,
  "spec/models/poll/partial_result_spec.rb": 0.3686981201171875,
  "spec/features/spending_proposals_spec.rb": 110.55449652671814,
  "spec/features/management/users_spec.rb": 3.197728157043457,
  "spec/features/management/managed_users_spec.rb": 2.0146141052246094,
  "spec/features/ckeditor_spec.rb": 1.0750110149383545,
  "spec/models/proposal_spec.rb": 6.859058380126953,
  "spec/features/proceedings_spec.rb": 1.1260669231414795,
  "spec/lib/age_spec.rb": 0.0007901191711425781,
  "spec/features/budgets/results_spec.rb": 4.898886442184448,
  "spec/models/image_spec.rb": 8.73224949836731,
  "spec/models/abilities/officing/voter_spec.rb": 0.06116986274719238,
  "spec/features/polls/questions_spec.rb": 0.23033976554870605,
  "spec/lib/census_caller_spec.rb": 0.01792740821838379,
  "spec/features/budgets/votes_spec.rb": 4.338234901428223,
  "spec/features/admin/poll/questions/answers/answers_spec.rb": 1.4166808128356934,
  "spec/features/comments/debates_spec.rb": 18.887494325637817,
  "spec/models/valuator_spec.rb": 0.03497314453125,
  "spec/features/admin/administrators_spec.rb": 2.0567562580108643,
  "spec/features/site_customization/custom_pages_spec.rb": 0.5441975593566895,
  "spec/features/valuation_spec.rb": 1.599024772644043,