{
  "spec/lib/spending_proposals_importer_spec.rb": 1.7984733581542969,
  "spec/features/valuation/budget_investments_spec.rb": 19.88918972015381,
  "spec/controllers/admin/api/stats_controller_spec.rb": 0.17183613777160645,
  "spec/features/moderation/proposals_spec.rb": 5.83896541595459,
  "spec/features/valuation/spending_proposals_spec.rb": 9.417716979980469,
  "spec/features/officing/results_spec.rb": 2.2081830501556396,
  "spec/models/custom/probe_option_spec.rb": 0.3188290596008301,
  "spec/lib/wysiwyg_sanitizer_spec.rb": 0.0023229122161865234,
  "spec/features/admin/users_spec.rb": 1.4617416858673096,
  "spec/features/budgets/budgets_spec.rb": 0.4080808162689209,
  "spec/features/management/users_spec.rb": 2.587139844894409,
  "spec/models/custom/residence_spec.rb": 0.07442092895507812,
  "spec/features/admin/geozones_spec.rb": 2.0590298175811768,
  "spec/models/tag_cloud_spec.rb": 1.8651480674743652,
  "spec/models/poll/poll_spec.rb": 0.6792678833007812,
  "spec/lib/cache_spec.rb": 0.056726932525634766,
  "spec/controllers/users/registrations_controller_spec.rb": 0.03166961669921875,
  "spec/models/abilities/valuator_spec.rb": 1.4625484943389893,
  "spec/features/admin/poll/booth_assigments_spec.rb": 4.160332918167114,
  "spec/features/official_positions_spec.rb": 2.1989452838897705,
  "spec/features/custom/admin/probes_spec.rb": 0.1310267448425293,
  "spec/helpers/tags_helper_spec.rb": 0.07535696029663086,
  "spec/models/poll/booth_spec.rb": 0.015352964401245117,
  "spec/features/budgets/votes_spec.rb": 4.6132965087890625,
  "spec/features/admin/officials_spec.rb": 0.9171571731567383,
  "spec/models/residence_spec.rb": 0.362546443939209,
  "spec/models/comment_spec.rb": 1.5050265789031982,
  "spec/features/votes_spec.rb": 17.39686346054077,
  "spec/models/redeemable_code_spec.rb": 0.10013628005981445,
  "spec/models/lock_spec.rb": 0.0965123176574707,
  "spec/features/representatives_spec.rb": 0.991840124130249,
  "spec/features/officing_spec.rb": 1.086562156677246,
  "spec/helpers/verification_helper_spec.rb": 0.001027822494506836,
  "spec/features/admin/verifications_spec.rb": 0.6836309432983398,
  "spec/helpers/application_helper_spec.rb": 0.09902834892272949,
  "spec/mailers/devise_mailer_spec.rb": 0.29213595390319824,
  "spec/models/identity_spec.rb": 0.008005857467651367,
  "spec/features/verification/residence_spec.rb": 3.7874350547790527,
  "spec/features/custom/probe_options_spec.rb": 2.963549852371216,
  "spec/features/proceedings_spec.rb": 1.2629919052124023,
  "spec/i18n_spec.rb": 70.68009209632874,
  "spec/features/admin/feature_flags_spec.rb": 0.9190201759338379,
  "spec/features/management/document_verifications_spec.rb": 0.7845656871795654,
  "spec/models/verification/management/email_spec.rb": 0.05713772773742676,
  "spec/lib/manager_authenticator_spec.rb": 0.0032100677490234375,
  "spec/features/custom/probe_option_comments_spec.rb": 13.188484191894531,
  "spec/helpers/admin_helper_spec.rb": 0.006723880767822266,
  "spec/features/tags/budget_investments_spec.rb": 43.19093203544617,
  "spec/features/tracks_spec.rb": 56.06655931472778,
  "spec/features/comments/spending_proposals_spec.rb": 15.143749475479126,
  "spec/models/abilities/officing/voter_spec.rb": 0.03816509246826172,
  "spec/features/management/budget_investments_spec.rb": 6.076889276504517,
  "spec/models/signature_sheet_spec.rb": 0.9248311519622803,
  "spec/features/admin/poll/questions_spec.rb": 2.295067310333252,
  "spec/controllers/concerns/has_orders_spec.rb": 0.17681407928466797,
  "spec/models/abilities/administrator_spec.rb": 2.038127899169922,
  "spec/features/budgets/investments_spec.rb": 20.35480546951294,
  "spec/models/abilities/organization_spec.rb": 0.299166202545166,
  "spec/features/verification/letter_spec.rb": 1.763455867767334,
  "spec/models/direct_message_spec.rb": 0.42040586471557617,
  "spec/features/admin/budget_investments_spec.rb": 18.565412282943726,
  "spec/lib/census_api_spec.rb": 0.003371715545654297,
  "spec/features/verification/verified_user_spec.rb": 1.111616849899292,
  "spec/features/organizations_spec.rb": 0.35321664810180664,
  "spec/features/admin/budgets_spec.rb": 4.710612058639526,
  "spec/features/comments/proposals_spec.rb": 17.851483583450317,
  "spec/models/verification/management/document_spec.rb": 0.036596059799194336,
  "spec/helpers/tracks_helper_spec.rb": 0.030841350555419922,
  "spec/models/flag_spec.rb": 0.8782181739807129,
  "spec/features/debates_spec.rb": 41.54098129272461,
  "spec/lib/acts_as_paranoid_aliases_spec.rb": 0.5790390968322754,
  "spec/features/budgets/ballots_spec.rb": 25.591114044189453,
  "spec/features/campaigns_spec.rb": 0.9438481330871582,
  "spec/features/sessions_spec.rb": 0.45531582832336426,
  "spec/features/admin/poll/officers_spec.rb": 1.476245641708374,
  "spec/models/ballot_line_spec.rb": 0.8336751461029053,
  "spec/features/emails_spec.rb": 9.791384935379028,
  "spec/features/admin_spec.rb": 1.1765727996826172,
  "spec/features/stats_spec.rb": 1.0379939079284668,
  "spec/helpers/spending_proposals_helper_spec.rb": 0.31114935874938965,
  "spec/models/poll/partial_result_spec.rb": 0.3425476551055908,
  "spec/models/forum_spec.rb": 0.2176668643951416,
  "spec/features/answers_spec.rb": 0.22163891792297363,
  "spec/controllers/debates_controller_spec.rb": 0.45761704444885254,
  "spec/models/spending_proposal_spec.rb": 7.0890796184539795,
  "spec/features/management/managed_users_spec.rb": 1.2514948844909668,
  "spec/features/admin/tags_spec.rb": 1.2679414749145508,
  "spec/features/registration_form_spec.rb": 1.0787310600280762,
  "spec/models/poll/nvote_spec.rb": 0.7372004985809326,
  "spec/features/admin/activity_spec.rb": 8.088266134262085,
  "spec/controllers/management/sessions_controller_spec.rb": 0.09095907211303711,
  "spec/features/user_invites_spec.rb": 0.22516989707946777,
  "spec/features/admin/spending_proposals_spec.rb": 31.099337816238403,
  "spec/features/proposals_spec.rb": 39.890620708465576,
  "spec/models/poll/white_result_spec.rb": 0.3040778636932373,
  "spec/models/vote_spec.rb": 0.59755539894104,
  "spec/helpers/proposals_helper_spec.rb": 0.26464080810546875,
  "spec/features/moderation/users_spec.rb": 1.3084113597869873,
  "spec/features/verification/level_two_verification_spec.rb": 1.2398452758789062,
  "spec/models/abilities/moderator_spec.rb": 4.338973522186279,
  "spec/customization_engine_spec.rb": 1.3098971843719482,
  "spec/features/budgets/custom_urls_spec.rb": 1.9646010398864746,
  "spec/features/admin/poll/polls_spec.rb": 11.891210317611694,
  "spec/features/admin/signature_sheets_spec.rb": 1.0446548461914062,
  "spec/helpers/settings_helper_spec.rb": 0.02244710922241211,
  "spec/features/admin/comments_spec.rb": 3.4919369220733643,
  "spec/features/officing/final_recount_spec.rb": 2.5746214389801025,
  "spec/models/ahoy/data_source_spec.rb": 0.06073403358459473,
  "spec/features/account_spec.rb": 2.019841194152832,
  "spec/models/budget/ballot_spec.rb": 0.380338191986084,
  "spec/lib/acts_as_taggable_on_spec.rb": 0.2778007984161377,
  "spec/features/admin/settings_spec.rb": 0.42064404487609863,
  "spec/features/users_spec.rb": 8.555530071258545,
  "spec/features/tags/proposals_spec.rb": 19.29604434967041,
  "spec/features/human_rights_spec.rb": 6.7514495849609375,
  "spec/models/abilities/everyone_spec.rb": 0.0837094783782959,
  "spec/models/poll/null_result_spec.rb": 0.17196035385131836,
  "spec/features/valuation/budgets_spec.rb": 0.39779186248779297,
  "spec/models/valuator_spec.rb": 0.032186269760131836,
  "spec/features/officing/voters_spec.rb": 40.5220513343811,
  "spec/features/open_plenary_spec.rb": 4.035805702209473,
  "spec/features/officing/letters_spec.rb": 1.695563554763794,
  "spec/features/moderation/debates_spec.rb": 6.526115894317627,
  "spec/models/signature_spec.rb": 1.5873935222625732,
  "spec/helpers/geozones_helper_spec.rb": 0.19272089004516602,
  "spec/features/admin/proposals_spec.rb": 1.9322359561920166,