{
  "spec/features/admin/comments_spec.rb": 7.390336751937866,
  "spec/features/verification/level_two_verification_spec.rb": 0.5503122806549072,
  "spec/models/organization_spec.rb": 0.20186662673950195,
  "spec/models/custom/probe_option_spec.rb": 0.4673166275024414,
  "spec/features/organizations_spec.rb": 1.664562702178955,
  "spec/lib/age_spec.rb": 0.0007538795471191406,
  "spec/models/activity_spec.rb": 1.548391342163086,
  "spec/features/admin/managers_spec.rb": 9.521290063858032,
  "spec/models/ahoy/data_source_spec.rb": 0.07445383071899414,
  "spec/features/admin_spec.rb": 1.4333186149597168,
  "spec/lib/wysiwyg_sanitizer_spec.rb": 0.0024335384368896484,
  "spec/models/abilities/moderator_spec.rb": 2.990337610244751,
  "spec/features/verification/verified_user_spec.rb": 1.3520958423614502,
  "spec/features/user_invites_spec.rb": 0.2607119083404541,
  "spec/models/abilities/administrator_spec.rb": 2.592270851135254,
  "spec/features/proposal_ballots_spec.rb": 0.3586900234222412,
  "spec/features/moderation/comments_spec.rb": 7.782301425933838,
  "spec/features/admin/debates_spec.rb": 1.6388938426971436,
  "spec/models/officing/residence_spec.rb": 0.7017896175384521,
  "spec/features/moderation_spec.rb": 1.314229965209961,
  "spec/models/valuator_spec.rb": 0.039623260498046875,
  "spec/customization_engine_spec.rb": 2.244776964187622,
  "spec/features/admin/signature_sheets_spec.rb": 2.9713854789733887,
  "spec/models/custom/probe_selection_spec.rb": 0.06994485855102539,
  "spec/models/vote_spec.rb": 0.4092893600463867,
  "spec/features/officing/results_spec.rb": 2.740776777267456,
  "spec/helpers/tags_helper_spec.rb": 0.24432587623596191,
  "spec/features/comments/budget_investments_spec.rb": 17.190520763397217,
  "spec/features/tags/debates_spec.rb": 4.271324634552002,
  "spec/models/setting_spec.rb": 0.17528128623962402,
  "spec/models/stat_spec.rb": 0.09009742736816406,
  "spec/features/management/users_spec.rb": 3.298802137374878,
  "spec/helpers/admin_helper_spec.rb": 0.012366771697998047,
  "spec/features/valuation/budget_investments_spec.rb": 9.496713161468506,
  "spec/controllers/concerns/has_filters_spec.rb": 0.0955204963684082,
  "spec/features/valuation/spending_proposals_spec.rb": 10.220613241195679,
  "spec/models/poll/voter_spec.rb": 0.7878358364105225,
  "spec/features/verification/level_three_verification_spec.rb": 1.326908826828003,
  "spec/models/verification/management/document_spec.rb": 0.015094280242919922,
  "spec/features/officing_spec.rb": 0.9092774391174316,
  "spec/features/budgets/ballots_spec.rb": 21.35919165611267,
  "spec/features/valuation/budgets_spec.rb": 0.3661327362060547,
  "spec/helpers/application_helper_spec.rb": 0.0742805004119873,
  "spec/models/tag_spec.rb": 0.1032869815826416,
  "spec/models/volunteer_poll_spec.rb": 0.03672003746032715,
  "spec/features/human_rights_spec.rb": 5.867046594619751,
  "spec/models/proposal_spec.rb": 5.03744912147522,
  "spec/features/comments/debates_spec.rb": 13.932080268859863,
  "spec/helpers/comments_helper_spec.rb": 0.011420726776123047,
  "spec/features/proposals_spec.rb": 40.1709885597229,
  "spec/features/budgets/budgets_spec.rb": 0.4129669666290283,
  "spec/features/proceedings_spec.rb": 0.9595730304718018,
  "spec/models/budget/investment_spec.rb": 4.387537240982056,
  "spec/features/admin/banners_spec.rb": 2.5514369010925293,
  "spec/lib/acts_as_paranoid_aliases_spec.rb": 0.24797272682189941,
  "spec/models/verification/management/email_spec.rb": 0.058319091796875,
  "spec/features/verification/residence_spec.rb": 2.8202946186065674,
  "spec/lib/email_digests_spec.rb": 0.3977394104003906,
  "spec/features/management/document_verifications_spec.rb": 0.7859928607940674,
  "spec/controllers/management/base_controller_spec.rb": 0.016810178756713867,
  "spec/lib/acts_as_taggable_on_spec.rb": 0.21599173545837402,
  "spec/features/admin/poll/booth_assigments_spec.rb": 4.109224081039429,
  "spec/features/management/managed_users_spec.rb": 1.1052472591400146,
  "spec/features/management/proposals_spec.rb": 3.746731996536255,
  "spec/features/admin/poll/questions_spec.rb": 2.39281964302063,
  "spec/lib/tag_sanitizer_spec.rb": 0.002020120620727539,
  "spec/features/management/budget_investments_spec.rb": 5.210640907287598,
  "spec/features/moderation/proposals_spec.rb": 4.739022254943848,
  "spec/features/officing/voters_spec.rb": 33.87290644645691,
  "spec/models/flag_spec.rb": 0.6426851749420166,
  "spec/models/abilities/valuator_spec.rb": 1.240981101989746,
  "spec/features/polls/nvotes_spec.rb": 0.20299267768859863,
  "spec/features/tags/budget_investments_spec.rb": 15.883262395858765,
  "spec/features/users_auth_spec.rb": 4.7827959060668945,
  "spec/features/ckeditor_spec.rb": 0.8829529285430908,
  "spec/features/budgets/investments_spec.rb": 16.352130889892578,
  "spec/features/admin/officials_spec.rb": 1.096839189529419,
  "spec/helpers/settings_helper_spec.rb": 0.11796355247497559,
  "spec/features/sessions_spec.rb": 0.3207590579986572,
  "spec/features/welcome_spec.rb": 1.0499658584594727,
  "spec/mailers/mailer_spec.rb": 0.08800101280212402,
  "spec/models/redeemable_code_spec.rb": 0.07215023040771484,
  "spec/features/admin/valuators_spec.rb": 1.1386899948120117,
  "spec/features/direct_messages_spec.rb": 1.3296644687652588,
  "spec/features/verification/email_spec.rb": 0.49909472465515137,
  "spec/models/poll/final_recount_spec.rb": 0.7241864204406738,
  "spec/features/home_spec.rb": 0.7600233554840088,
  "spec/features/api/csv_exporter_spec.rb": 4.701273202896118,
  "spec/models/abilities/everyone_spec.rb": 0.06470608711242676,
  "spec/features/localization_spec.rb": 0.8769049644470215,
  "spec/features/moderation/users_spec.rb": 1.2183740139007568,
  "spec/models/budget/ballot/line_spec.rb": 0.3117105960845947,
  "spec/features/notifications_spec.rb": 9.953025102615356,
  "spec/features/account_spec.rb": 1.722010612487793,
  "spec/models/proposal_notification_spec.rb": 0.1678919792175293,
  "spec/features/officing/letters_spec.rb": 2.1607067584991455,
  "spec/models/geozone_spec.rb": 0.1132659912109375,
  "spec/models/poll/nvote_spec.rb": 0.43216991424560547,
  "spec/features/admin/geozones_spec.rb": 1.4212753772735596,
  "spec/features/verification/verification_path_spec.rb": 1.0017540454864502,
  "spec/features/verification/sms_spec.rb": 1.2407312393188477,
  "spec/mailers/devise_mailer_spec.rb": 0.1758871078491211,
  "spec/helpers/geozones_helper_spec.rb": 0.14195680618286133,
  "spec/features/polls/polls_spec.rb": 13.583048343658447,
  "spec/features/votes_spec.rb": 16.774823665618896,
  "spec/features/officing/final_recount_spec.rb": 1.0519521236419678,
  "spec/features/ballots_spec.rb": 21.175214767456055,
  "spec/features/budgets/custom_urls_spec.rb": 1.6385931968688965,
  "spec/models/letter_spec.rb": 0.09271502494812012,
  "spec/models/user_spec.rb": 2.5512189865112305,
  "spec/features/custom/admin/probes_spec.rb": 0.2603638172149658,
  "spec/models/ballot_line_spec.rb": 1.3598453998565674,
  "spec/features/proposal_notifications_spec.rb": 2.3612403869628906,
  "spec/models/identity_spec.rb": 0.0014259815216064453,
  "spec/models/abilities/organization_spec.rb": 0.3375382423400879,
  "spec/controllers/concerns/has_orders_spec.rb": 0.5687906742095947,
  "spec/features/custom/probe_option_comments_spec.rb": 14.68640422821045,
  "spec/features/comments/spending_proposals_spec.rb": 15.04815125465393,
  "spec/models/poll/officer_spec.rb": 0.4059460163116455,
  "spec/features/tracks_spec.rb": 9.932958364486694,
  "spec/models/forum_spec.rb": 0.23572301864624023,
  "spec/models/abilities/common_spec.rb": 10.424149513244629,
  "spec/features/debates_spec.rb": 25.131916761398315,
  "spec/features/official_positions_spec.rb": 1.259504795074463,
  "spec/features/management/email_verifications_spec.rb": 0.26563000679016113,
  "spec/features/custom/probes_spec.rb": 1.7510502338409424,
  "spec/features/admin/proposals_spec.rb": 1.4901669025421143,