{
  "spec/features/proposals_spec.rb": 225.2242820262909,
  "spec/lib/census_api_spec.rb": 0.005584001541137695,
  "spec/models/signature_spec.rb": 2.5416977405548096,
  "spec/features/admin/tags_spec.rb": 1.4704811573028564,
  "spec/models/custom/probe_option_spec.rb": 0.1629786491394043,
  "spec/features/tracks_spec.rb": 25.859477043151855,
  "spec/features/moderation/debates_spec.rb": 6.73139762878418,
  "spec/lib/manager_authenticator_spec.rb": 0.005102872848510742,
  "spec/helpers/tags_helper_spec.rb": 0.08127331733703613,
  "spec/features/admin/debates_spec.rb": 1.8008472919464111,
  "spec/features/comments/budget_investments_spec.rb": 17.66829228401184,
  "spec/features/official_positions_spec.rb": 2.487609624862671,
  "spec/features/api/csv_exporter_spec.rb": 6.463467836380005,
  "spec/lib/tag_sanitizer_spec.rb": 0.0005536079406738281,
  "spec/features/officing_spec.rb": 1.3149638175964355,
  "spec/features/site_customization/content_blocks_spec.rb": 0.4509265422821045,
  "spec/features/comments/spending_proposals_spec.rb": 18.457319259643555,
  "spec/features/admin/settings_spec.rb": 5.119077205657959,
  "spec/features/admin/geozones_spec.rb": 1.6909475326538086,
  "spec/features/verification/level_two_verification_spec.rb": 0.4860527515411377,
  "spec/models/poll/poll_spec.rb": 1.0022048950195312,
  "spec/controllers/users/registrations_controller_spec.rb": 0.041848182678222656,
  "spec/features/representatives_spec.rb": 1.145256757736206,
  "spec/features/officing/residence_spec.rb": 3.832531452178955,
  "spec/models/setting_spec.rb": 0.11259651184082031,
  "spec/features/verification/sms_spec.rb": 1.9580469131469727,
  "spec/models/community_spec.rb": 0.15547776222229004,
  "spec/features/users_auth_spec.rb": 7.3952720165252686,
  "spec/features/admin/hidden_users_spec.rb": 1.4349250793457031,
  "spec/features/communities_spec.rb": 1.8315882682800293,
  "spec/features/verification/letter_spec.rb": 3.2316508293151855,
  "spec/models/notification_spec.rb": 1.0425934791564941,
  "spec/controllers/concerns/has_filters_spec.rb": 0.2440509796142578,
  "spec/features/admin/budgets_spec.rb": 6.734143972396851,
  "spec/features/direct_messages_spec.rb": 2.002427577972412,
  "spec/features/admin/poll/booth_assigments_spec.rb": 4.970001935958862,
  "spec/features/valuation/spending_proposals_spec.rb": 11.158700942993164,
  "spec/features/localization_spec.rb": 1.0026135444641113,
  "spec/features/proposal_notifications_spec.rb": 5.5670061111450195,
  "spec/features/verification/email_spec.rb": 0.9612231254577637,
  "spec/features/management/budget_investments_spec.rb": 7.511229038238525,
  "spec/lib/tasks/communities_spec.rb": 0.4575672149658203,
  "spec/features/polls/nvotes_spec.rb": 66.03282308578491,
  "spec/lib/age_spec.rb": 0.0007419586181640625,
  "spec/features/comments/topics_spec.rb": 44.47845911979675,
  "spec/features/admin/organizations_spec.rb": 4.215184926986694,
  "spec/controllers/pages_controller_spec.rb": 0.24879074096679688,
  "spec/models/poll/booth_spec.rb": 0.1073617935180664,
  "spec/models/budget/investment_spec.rb": 16.330111265182495,
  "spec/models/forum_spec.rb": 0.33296990394592285,
  "spec/features/comments/legislation_questions_spec.rb": 19.033738613128662,
  "spec/helpers/settings_helper_spec.rb": 0.032588958740234375,
  "spec/lib/email_digests_spec.rb": 0.7731430530548096,
  "spec/features/admin/poll/shifts_spec.rb": 7.320206880569458,
  "spec/controllers/graphql_controller_spec.rb": 0.885300874710083,
  "spec/features/admin/poll/officers_spec.rb": 1.7509820461273193,
  "spec/features/budgets/budgets_spec.rb": 1.141002893447876,
  "spec/controllers/legislation/answers_controller_spec.rb": 0.6143229007720947,
  "spec/models/tag_spec.rb": 0.13086485862731934,
  "spec/features/user_invites_spec.rb": 0.2966032028198242,
  "spec/features/forum_spec.rb": 2.5598957538604736,
  "spec/models/legislation/answer_spec.rb": 0.1686844825744629,
  "spec/features/officing/booth_spec.rb": 1.4216008186340332,
  "spec/features/officing/letters_spec.rb": 2.6498048305511475,
  "spec/models/poll/officer_assignment_spec.rb": 0.02933979034423828,
  "spec/features/officing/nvotes_spec.rb": 524.9938397407532,
  "spec/models/debate_spec.rb": 5.042642116546631,
  "spec/models/residence_spec.rb": 0.3601541519165039,
  "spec/models/tag_cloud_spec.rb": 1.4661753177642822,
  "spec/models/poll/voter_spec.rb": 0.9564647674560547,
  "spec/features/verification/level_three_verification_spec.rb": 1.7160890102386475,
  "spec/models/spending_proposal_spec.rb": 6.440866708755493,
  "spec/models/budget/investment/milestone_spec.rb": 0.12715601921081543,
  "spec/lib/migrate_spending_proposals_to_investments_spec.rb": 1.1390786170959473,
  "spec/models/abilities/moderator_spec.rb": 3.1386775970458984,
  "spec/features/ckeditor_spec.rb": 1.3883569240570068,
  "spec/features/admin/legislation/draft_versions_spec.rb": 4.182157754898071,
  "spec/models/ballot_spec.rb": 0.43149733543395996,
  "spec/features/open_plenary_spec.rb": 1.9981791973114014,
  "spec/mailers/devise_mailer_spec.rb": 0.5040128231048584,
  "spec/features/legislation/draft_versions_spec.rb": 15.716148138046265,
  "spec/features/admin/moderators_spec.rb": 2.087246894836426,
  "spec/models/image_spec.rb": 9.078645944595337,
  "spec/models/poll/total_result_spec.rb": 0.2675161361694336,
  "spec/models/budget/result_spec.rb": 1.289369821548462,
  "spec/features/comments/debates_spec.rb": 19.0191388130188,
  "spec/helpers/admin_helper_spec.rb": 0.00527191162109375,
  "spec/features/management/document_verifications_spec.rb": 1.5246412754058838,
  "spec/helpers/application_helper_spec.rb": 0.12924599647521973,
  "spec/features/admin/poll/booths_spec.rb": 2.854937791824341,
  "spec/models/poll/question_spec.rb": 0.11740803718566895,
  "spec/helpers/comments_helper_spec.rb": 0.013962268829345703,
  "spec/models/ballot_line_spec.rb": 1.0401885509490967,
  "spec/features/voluteer_poll_spec.rb": 0.8607659339904785,
  "spec/features/home_spec.rb": 1.7064180374145508,
  "spec/controllers/management/sessions_controller_spec.rb": 0.12737393379211426,
  "spec/features/tags/debates_spec.rb": 5.867159605026245,
  "spec/models/flag_spec.rb": 0.6546378135681152,
  "spec/models/verification/management/email_spec.rb": 0.06852102279663086,
  "spec/features/admin/site_customization/content_blocks_spec.rb": 2.1348190307617188,
  "spec/features/management/managed_users_spec.rb": 1.791243076324463,
  "spec/features/admin/spending_proposals_spec.rb": 37.28332304954529,
  "spec/features/admin/officials_spec.rb": 1.0096824169158936,
  "spec/i18n_spec.rb": 87.31118202209473,
  "spec/features/verification/residence_spec.rb": 3.647940158843994,
  "spec/models/abilities/everyone_spec.rb": 0.09626054763793945,
  "spec/models/legislation/question_option_spec.rb": 0.049336910247802734,
  "spec/models/legislation/question_spec.rb": 0.324918270111084,
  "spec/models/budget/heading_spec.rb": 0.09334731101989746,
  "spec/features/budgets/ballots_spec.rb": 31.752201795578003,
  "spec/lib/graph_ql/api_types_creator_spec.rb": 0.005435943603515625,
  "spec/features/valuation/budget_investments_spec.rb": 11.644647359848022,
  "spec/lib/acts_as_taggable_on_spec.rb": 0.9888007640838623,
  "spec/models/abilities/administrator_spec.rb": 3.176544189453125,
  "spec/models/direct_upload_spec.rb": 1.2313671112060547,
  "spec/models/poll/answer_spec.rb": 0.18033432960510254,
  "spec/models/budget/reclassified_vote_spec.rb": 0.22995281219482422,
  "spec/models/custom/probe_selection_spec.rb": 0.06933021545410156,
  "spec/models/site_customization/content_block_spec.rb": 0.010904073715209961,
  "spec/lib/local_census_spec.rb": 0.010229110717773438,
  "spec/features/admin/poll/questions_spec.rb": 46.533974409103394,
  "spec/features/budgets/results_spec.rb": 2.877671241760254,
  "spec/features/sessions_spec.rb": 0.5251338481903076,
  "spec/features/polls/voter_spec.rb": 2.1585752964019775,