{
  "spec/models/activity_spec.rb": 1.6690847873687744,
  "spec/features/localization_spec.rb": 6.1748857498168945,
  "spec/lib/tasks/settings_spec.rb": 0.30377674102783203,
  "spec/controllers/debates_controller_spec.rb": 0.6272923946380615,
  "spec/features/verification/verified_user_spec.rb": 1.9899470806121826,
  "spec/lib/acts_as_paranoid_aliases_spec.rb": 0.2654550075531006,
  "spec/controllers/management/base_controller_spec.rb": 0.025563478469848633,
  "spec/features/management/email_verifications_spec.rb": 0.5977299213409424,
  "spec/features/admin/signature_sheets_spec.rb": 2.104857921600342,
  "spec/models/legislation/answer_spec.rb": 0.23408985137939453,
  "spec/features/valuation/budget_investments_spec.rb": 10.967704057693481,
  "spec/features/admin/geozones_spec.rb": 2.1228697299957275,
  "spec/features/site_customization/content_blocks_spec.rb": 0.312283992767334,
  "spec/models/budget/ballot/line_spec.rb": 1.077918291091919,
  "spec/models/poll/voter_spec.rb": 1.3836612701416016,
  "spec/features/proposal_notifications_spec.rb": 5.86838173866272,
  "spec/features/admin/settings_spec.rb": 4.4375481605529785,
  "spec/features/polls/nvotes_spec.rb": 65.72469139099121,
  "spec/models/abilities/administrator_spec.rb": 3.3967092037200928,
  "spec/features/budgets/budgets_spec.rb": 1.1905639171600342,
  "spec/i18n_spec.rb": 141.694726228714,
  "spec/features/valuation_spec.rb": 1.6644229888916016,
  "spec/features/registration_form_spec.rb": 1.6103487014770508,
  "spec/features/direct_messages_spec.rb": 2.2410919666290283,
  "spec/features/comments/debates_spec.rb": 19.353094339370728,
  "spec/features/campaigns_spec.rb": 1.3926398754119873,
  "spec/models/custom/probe_selection_spec.rb": 0.06291675567626953,
  "spec/models/image_spec.rb": 8.01465129852295,
  "spec/features/verification/level_two_verification_spec.rb": 0.6457779407501221,
  "spec/models/residence_spec.rb": 0.4008340835571289,
  "spec/features/admin/poll/polls_spec.rb": 10.446998596191406,
  "spec/lib/census_api_spec.rb": 0.003860950469970703,
  "spec/features/moderation/proposals_spec.rb": 10.909387350082397,
  "spec/helpers/tags_helper_spec.rb": 0.09658598899841309,
  "spec/models/map_location_spec.rb": 0.13497519493103027,
  "spec/helpers/proposals_helper_spec.rb": 0.1823422908782959,
  "spec/features/verification/verification_path_spec.rb": 1.5056931972503662,
  "spec/controllers/users/registrations_controller_spec.rb": 0.019727706909179688,
  "spec/features/comments/polls_spec.rb": 9.495539903640747,
  "spec/models/organization_spec.rb": 0.14272165298461914,
  "spec/features/welcome_spec.rb": 1.6267974376678467,
  "spec/features/users_auth_spec.rb": 8.446276903152466,
  "spec/features/admin/poll/questions/answers/videos/videos_spec.rb": 0.5862569808959961,
  "spec/features/custom/admin/probes_spec.rb": 0.18054413795471191,
  "spec/models/sms_spec.rb": 0.02292490005493164,
  "spec/features/admin/users_spec.rb": 0.5028057098388672,
  "spec/features/admin/poll/booths_spec.rb": 3.3610188961029053,
  "spec/features/moderation/comments_spec.rb": 9.254879474639893,
  "spec/features/tags/budget_investments_spec.rb": 22.58710551261902,
  "spec/models/proposal_spec.rb": 7.3949034214019775,
  "spec/controllers/pages_controller_spec.rb": 0.19359612464904785,
  "spec/models/legislation/question_spec.rb": 0.36898016929626465,
  "spec/features/account_spec.rb": 2.405029296875,
  "spec/lib/wysiwyg_sanitizer_spec.rb": 0.0018973350524902344,
  "spec/lib/graph_ql/query_type_creator_spec.rb": 0.010123968124389648,
  "spec/helpers/comments_helper_spec.rb": 0.012249946594238281,
  "spec/features/admin/managers_spec.rb": 1.769552230834961,
  "spec/features/user_invites_spec.rb": 0.41574907302856445,
  "spec/features/admin/legislation/processes_spec.rb": 5.262743234634399,
  "spec/features/admin/activity_spec.rb": 10.995729923248291,
  "spec/features/admin/feature_flags_spec.rb": 0.8463969230651855,
  "spec/features/admin/poll/shifts_spec.rb": 7.12822413444519,
  "spec/views/welcome/index.html.erb_spec.rb": 0.1569201946258545,
  "spec/features/admin/spending_proposals_spec.rb": 39.09834051132202,
  "spec/features/notifications_spec.rb": 20.138358116149902,
  "spec/features/admin/administrators_spec.rb": 2.0604405403137207,
  "spec/features/admin/poll/booth_assigments_spec.rb": 5.039963483810425,
  "spec/features/polls/voter_spec.rb": 12.24863052368164,
  "spec/features/comments/legislation_questions_spec.rb": 18.981262922286987,
  "spec/controllers/concerns/has_filters_spec.rb": 0.22431206703186035,
  "spec/models/comment_spec.rb": 1.9437017440795898,
  "spec/features/valuation/spending_proposals_spec.rb": 10.652303218841553,
  "spec/features/management/account_spec.rb": 1.234178066253662,
  "spec/lib/census_caller_spec.rb": 0.014745712280273438,
  "spec/mailers/mailer_spec.rb": 0.10914993286132812,
  "spec/lib/graph_ql/api_types_creator_spec.rb": 0.0057833194732666016,
  "spec/helpers/verification_helper_spec.rb": 0.0009107589721679688,
  "spec/features/forum_spec.rb": 2.2332797050476074,
  "spec/models/setting_spec.rb": 0.08653759956359863,
  "spec/features/officing/voters_spec.rb": 9.41050910949707,
  "spec/features/officing/nvotes_spec.rb": 524.3597528934479,
  "spec/models/signature_sheet_spec.rb": 0.879295825958252,
  "spec/features/users_spec.rb": 16.35818099975586,
  "spec/customization_engine_spec.rb": 1.6603929996490479,
  "spec/controllers/concerns/has_orders_spec.rb": 0.24114608764648438,
  "spec/controllers/admin/api/stats_controller_spec.rb": 0.290865421295166,
  "spec/features/admin/comments_spec.rb": 4.2723917961120605,
  "spec/models/user_spec.rb": 2.401350259780884,
  "spec/models/ballot_line_spec.rb": 0.8229372501373291,
  "spec/helpers/spending_proposals_helper_spec.rb": 0.2792370319366455,
  "spec/features/answers_spec.rb": 0.2705409526824951,
  "spec/models/legislation/process_spec.rb": 0.10357141494750977,
  "spec/helpers/geozones_helper_spec.rb": 0.14055490493774414,
  "spec/features/organizations_spec.rb": 0.5844483375549316,
  "spec/features/management/proposals_spec.rb": 4.883075475692749,
  "spec/features/management/users_spec.rb": 2.688697338104248,
  "spec/features/admin/budget_investment_milestones_spec.rb": 1.7811570167541504,
  "spec/models/custom/residence_spec.rb": 0.08811187744140625,
  "spec/models/poll/question_spec.rb": 0.12190985679626465,
  "spec/helpers/text_helper_spec.rb": 0.0005822181701660156,
  "spec/models/abilities/moderator_spec.rb": 2.6958162784576416,
  "spec/features/moderation/users_spec.rb": 1.6413288116455078,
  "spec/models/ballot_spec.rb": 0.3824422359466553,
  "spec/models/follow_spec.rb": 0.14947199821472168,
  "spec/models/letter_spec.rb": 0.08009576797485352,
  "spec/controllers/legislation/answers_controller_spec.rb": 0.4390101432800293,
  "spec/features/verification/residence_spec.rb": 3.5721263885498047,
  "spec/features/representatives_spec.rb": 1.1739294528961182,
  "spec/models/flag_spec.rb": 0.5249466896057129,
  "spec/features/voluteer_poll_spec.rb": 0.7027618885040283,
  "spec/features/comments/topics_spec.rb": 34.66768455505371,
  "spec/models/budget_spec.rb": 0.19390106201171875,
  "spec/controllers/graphql_controller_spec.rb": 0.6890885829925537,
  "spec/models/legislation/process/publication_spec.rb": 0.13242506980895996,
  "spec/features/comments/spending_proposals_spec.rb": 18.486501216888428,
  "spec/features/officing_spec.rb": 2.1975507736206055,
  "spec/features/budgets/investments_spec.rb": 119.77525496482849,
  "spec/features/human_rights_spec.rb": 10.011473417282104,
  "spec/models/signature_spec.rb": 1.7460360527038574,
  "spec/models/tag_cloud_spec.rb": 1.6205763816833496,
  "spec/models/custom/probe_spec.rb": 0.09734988212585449,
  "spec/features/legislation/questions_spec.rb": 2.123985528945923,
  "spec/models/poll/recount_spec.rb": 0.44449782371520996,
  "spec/features/custom/probe_option_comments_spec.rb": 14.705504417419434,
  "spec/models/poll/partial_result_spec.rb": 0.4982266426086426,