{
  "spec/helpers/spending_proposals_helper_spec.rb": 1.239088535308838,
  "spec/features/budgets/investments_spec.rb": 75.67176413536072,
  "spec/features/emails_spec.rb": 12.25369668006897,
  "spec/controllers/management/base_controller_spec.rb": 0.027796030044555664,
  "spec/features/verification/verification_path_spec.rb": 1.7296218872070312,
  "spec/features/management/localization_spec.rb": 1.4944000244140625,
  "spec/lib/proposal_calculator_spec.rb": 0.6511738300323486,
  "spec/helpers/geozones_helper_spec.rb": 0.21026325225830078,
  "spec/features/welcome_spec.rb": 1.7169315814971924,
  "spec/features/budgets/ballots_spec.rb": 24.17350697517395,
  "spec/features/users_spec.rb": 8.566451787948608,
  "spec/features/comments/proposals_spec.rb": 16.464592695236206,
  "spec/features/verification/letter_spec.rb": 1.8663511276245117,
  "spec/models/abilities/valuator_spec.rb": 1.3935275077819824,
  "spec/controllers/management/users_controller_spec.rb": 0.015197277069091797,
  "spec/lib/acts_as_paranoid_aliases_spec.rb": 0.32583189010620117,
  "spec/features/voluteer_poll_spec.rb": 0.8447091579437256,
  "spec/features/admin/organizations_spec.rb": 4.17387843132019,
  "spec/features/moderation/comments_spec.rb": 8.668833017349243,
  "spec/models/geozone_spec.rb": 0.13684320449829102,
  "spec/features/direct_messages_spec.rb": 1.5104131698608398,
  "spec/models/abilities/administrator_spec.rb": 2.0042638778686523,
  "spec/features/admin_spec.rb": 0.6684072017669678,
  "spec/models/abilities/moderator_spec.rb": 2.407818555831909,
  "spec/features/management/proposals_spec.rb": 4.968578815460205,
  "spec/features/comments/debates_spec.rb": 16.699860334396362,
  "spec/models/budget/ballot_spec.rb": 0.45954155921936035,
  "spec/features/tags_spec.rb": 4.400455951690674,
  "spec/features/budgets/custom_urls_spec.rb": 1.575831413269043,
  "spec/features/budgets/votes_spec.rb": 5.341902732849121,
  "spec/models/custom/probe_option_spec.rb": 0.17387700080871582,
  "spec/models/custom/probe_selection_spec.rb": 0.06542110443115234,
  "spec/features/verification/verified_user_spec.rb": 0.9806442260742188,
  "spec/features/open_plenary_spec.rb": 3.0083634853363037,
  "spec/features/admin/users_spec.rb": 1.2585291862487793,
  "spec/features/proceedings_spec.rb": 0.7594330310821533,
  "spec/controllers/concerns/has_orders_spec.rb": 0.17856884002685547,
  "spec/mailers/devise_mailer_spec.rb": 0.07878661155700684,
  "spec/features/admin/settings_spec.rb": 0.4235713481903076,
  "spec/features/stats_spec.rb": 0.6765570640563965,
  "spec/lib/email_digests_spec.rb": 0.3816964626312256,
  "spec/models/comment_spec.rb": 1.4212558269500732,
  "spec/models/organization_spec.rb": 0.13412785530090332,
  "spec/controllers/admin/api/stats_controller_spec.rb": 0.09918785095214844,
  "spec/features/valuation/spending_proposals_spec.rb": 9.447800397872925,
  "spec/features/spending_proposals_spec.rb": 25.492525815963745,
  "spec/models/custom/residence_spec.rb": 0.08446550369262695,
  "spec/models/budget/investment_spec.rb": 3.0249319076538086,
  "spec/features/human_rights_spec.rb": 6.055366516113281,
  "spec/models/redeemable_code_spec.rb": 0.06539082527160645,
  "spec/models/notification_spec.rb": 0.3935987949371338,
  "spec/i18n_spec.rb": 75.65201950073242,
  "spec/features/admin/geozones_spec.rb": 1.3375236988067627,
  "spec/features/admin/spending_proposals_spec.rb": 27.73860216140747,
  "spec/features/official_positions_spec.rb": 1.4873645305633545,
  "spec/customization_engine_spec.rb": 1.0463800430297852,
  "spec/models/proposal_notification_spec.rb": 0.7312579154968262,
  "spec/features/notifications_spec.rb": 12.095316171646118,
  "spec/lib/spending_proposals_importer_spec.rb": 0.9616930484771729,
  "spec/models/abilities/common_spec.rb": 2.6434104442596436,
  "spec/lib/census_api_spec.rb": 0.0030083656311035156,
  "spec/features/custom/probe_option_comments_spec.rb": 10.639845848083496,
  "spec/features/management/account_spec.rb": 1.1602449417114258,
  "spec/features/custom/admin/probes_spec.rb": 0.1340467929840088,
  "spec/models/valuator_spec.rb": 0.02761530876159668,
  "spec/helpers/verification_helper_spec.rb": 0.0010838508605957031,
  "spec/controllers/management/sessions_controller_spec.rb": 0.07453131675720215,
  "spec/features/proposals_spec.rb": 35.08458185195923,
  "spec/features/moderation_spec.rb": 0.901160478591919,
  "spec/lib/acts_as_taggable_on_spec.rb": 0.2942543029785156,
  "spec/helpers/votes_helper_spec.rb": 0.395784854888916,
  "spec/models/abilities/organization_spec.rb": 0.28196239471435547,
  "spec/models/budget/ballot/line_spec.rb": 0.3520383834838867,
  "spec/helpers/proposals_helper_spec.rb": 0.1875002384185791,
  "spec/lib/wysiwyg_sanitizer_spec.rb": 0.00234222412109375,
  "spec/features/valuation/budget_investments_spec.rb": 7.615672588348389,
  "spec/features/ckeditor_spec.rb": 1.1459109783172607,
  "spec/features/admin/stats_spec.rb": 14.332855224609375,
  "spec/models/flag_spec.rb": 0.5331568717956543,
  "spec/features/moderation/debates_spec.rb": 5.033738613128662,
  "spec/mailers/mailer_spec.rb": 0.0718531608581543,
  "spec/features/tags/proposals_spec.rb": 7.8048295974731445,
  "spec/controllers/pages_controller_spec.rb": 0.12239193916320801,
  "spec/features/ballots_spec.rb": 22.534733772277832,
  "spec/models/tag_cloud_spec.rb": 1.5333640575408936,
  "spec/controllers/debates_controller_spec.rb": 0.28769993782043457,
  "spec/models/activity_spec.rb": 0.9539909362792969,
  "spec/features/admin/verifications_spec.rb": 0.6687581539154053,
  "spec/features/organizations_spec.rb": 0.4448418617248535,
  "spec/features/user_invites_spec.rb": 0.2012336254119873,
  "spec/features/valuation_spec.rb": 0.9491119384765625,
  "spec/models/abilities/everyone_spec.rb": 0.08778953552246094,
  "spec/features/verification/email_spec.rb": 0.5008735656738281,
  "spec/features/admin/budget_investments_spec.rb": 16.12600088119507,
  "spec/features/admin/signature_sheets_spec.rb": 1.0029971599578857,
  "spec/features/localization_spec.rb": 0.8356101512908936,
  "spec/features/admin/activity_spec.rb": 7.0438244342803955,
  "spec/features/valuation/budgets_spec.rb": 0.2539215087890625,
  "spec/helpers/application_helper_spec.rb": 0.07998967170715332,
  "spec/features/campaigns_spec.rb": 0.9898219108581543,
  "spec/features/custom/probe_options_spec.rb": 2.9998385906219482,
  "spec/features/sessions_spec.rb": 0.3631784915924072,
  "spec/models/proposal_spec.rb": 5.502827882766724,
  "spec/features/registration_form_spec.rb": 1.2585945129394531,
  "spec/features/verification/level_three_verification_spec.rb": 2.2233099937438965,
  "spec/features/tags/budget_investments_spec.rb": 17.27936291694641,
  "spec/models/lock_spec.rb": 0.10916924476623535,
  "spec/lib/manager_authenticator_spec.rb": 0.004499673843383789,
  "spec/lib/cache_spec.rb": 0.0839226245880127,
  "spec/features/tags/debates_spec.rb": 3.5507736206054688,
  "spec/models/signature_spec.rb": 1.1034762859344482,
  "spec/features/comments/budget_investments_spec.rb": 13.45090627670288,
  "spec/features/verification/level_two_verification_spec.rb": 0.3901660442352295,
  "spec/features/home_spec.rb": 0.9846513271331787,
  "spec/models/verification/management/email_spec.rb": 0.05670285224914551,
  "spec/features/admin/comments_spec.rb": 2.875826358795166,
  "spec/features/management/users_spec.rb": 2.542414426803589,
  "spec/features/moderation/users_spec.rb": 1.339829683303833,
  "spec/models/custom/probe_spec.rb": 0.06876373291015625,
  "spec/features/proposal_notifications_spec.rb": 2.358402729034424,
  "spec/features/answers_spec.rb": 0.17717194557189941,
  "spec/models/volunteer_poll_spec.rb": 0.013312101364135742,
  "spec/features/admin/managers_spec.rb": 1.215036153793335,
  "spec/features/admin/banners_spec.rb": 2.8301987648010254,
  "spec/models/direct_message_spec.rb": 0.3823220729827881,
  "spec/lib/tag_sanitizer_spec.rb": 0.0006201267242431641,