{
  "spec/controllers/management/users_controller_spec.rb": 0.037519216537475586,
  "spec/features/admin/newsletters_spec.rb": 2.20172119140625,
  "spec/models/ballot_line_spec.rb": 1.1717207431793213,
  "spec/models/sms_spec.rb": 0.02280735969543457,
  "spec/features/registration_form_spec.rb": 11.40589427947998,
  "spec/features/admin/site_customization/pages_spec.rb": 1.7956109046936035,
  "spec/features/admin/officials_spec.rb": 1.4007737636566162,
  "spec/features/user_invites_spec.rb": 0.5037651062011719,
  "spec/features/admin/site_customization/content_blocks_spec.rb": 4.298039674758911,
  "spec/lib/proposal_calculator_spec.rb": 0.7529828548431396,
  "spec/lib/census_caller_spec.rb": 0.017609119415283203,
  "spec/features/spending_proposals_spec.rb": 119.07893133163452,
  "spec/features/valuation_spec.rb": 1.9476447105407715,
  "spec/controllers/comments_controller_spec.rb": 0.5095560550689697,
  "spec/models/budget/investment_spec.rb": 13.4961678981781,
  "spec/helpers/tracks_helper_spec.rb": 0.025101423263549805,
  "spec/features/management/managed_users_spec.rb": 3.1470119953155518,
  "spec/features/moderation/debates_spec.rb": 5.500853061676025,
  "spec/helpers/comments_helper_spec.rb": 0.012500524520874023,
  "spec/features/admin/poll/questions_spec.rb": 3.121316909790039,
  "spec/features/admin/legislation/questions_spec.rb": 4.46664834022522,
  "spec/features/admin/poll/booth_assigments_spec.rb": 5.0391247272491455,
  "spec/lib/census_api_spec.rb": 0.0037674903869628906,
  "spec/lib/acts_as_paranoid_aliases_spec.rb": 0.2599828243255615,
  "spec/models/map_location_spec.rb": 0.14407730102539062,
  "spec/lib/age_spec.rb": 0.0008969306945800781,
  "spec/models/geozone_spec.rb": 0.14259028434753418,
  "spec/models/redeemable_code_spec.rb": 0.11723852157592773,
  "spec/features/proceedings_spec.rb": 2.1110925674438477,
  "spec/features/account_spec.rb": 2.389432430267334,
  "spec/features/management/localization_spec.rb": 1.8559792041778564,
  "spec/helpers/geozones_helper_spec.rb": 0.2493593692779541,
  "spec/features/management/document_verifications_spec.rb": 1.3048605918884277,
  "spec/models/site_customization/content_block_spec.rb": 0.010117769241333008,
  "spec/features/debates_spec.rb": 42.47567796707153,
  "spec/features/ckeditor_spec.rb": 1.4206900596618652,
  "spec/features/admin/settings_spec.rb": 5.065959215164185,
  "spec/models/poll/officer_spec.rb": 0.3813495635986328,
  "spec/features/moderation/users_spec.rb": 1.846398115158081,
  "spec/features/votes_spec.rb": 20.566876888275146,
  "spec/features/official_positions_spec.rb": 2.102736234664917,
  "spec/features/verification/verified_user_spec.rb": 1.0675756931304932,
  "spec/models/abilities/valuator_spec.rb": 1.7740063667297363,
  "spec/features/verification/verification_path_spec.rb": 1.7221283912658691,
  "spec/features/home_spec.rb": 1.073392629623413,
  "spec/features/ballots_spec.rb": 21.040866374969482,
  "spec/features/tags_spec.rb": 4.180655002593994,
  "spec/models/legislation/process_spec.rb": 0.1759035587310791,
  "spec/models/debate_spec.rb": 6.372350215911865,
  "spec/features/admin/budget_investments_spec.rb": 31.182228326797485,
  "spec/lib/graphql_spec.rb": 4.131049394607544,
  "spec/features/open_plenary_spec.rb": 1.063607931137085,
  "spec/features/direct_messages_spec.rb": 2.0211522579193115,
  "spec/models/tag_spec.rb": 0.10294318199157715,
  "spec/helpers/application_helper_spec.rb": 0.09243130683898926,
  "spec/features/site_customization/content_blocks_spec.rb": 0.47879481315612793,
  "spec/models/legislation/question_option_spec.rb": 0.06653714179992676,
  "spec/features/admin/feature_flags_spec.rb": 0.9683551788330078,
  "spec/models/poll/voter_spec.rb": 1.3170652389526367,
  "spec/features/comments/proposals_spec.rb": 27.169134378433228,
  "spec/features/verification/residence_spec.rb": 5.085330486297607,
  "spec/features/admin/poll/shifts_spec.rb": 5.070854187011719,
  "spec/models/abilities/common_spec.rb": 13.715596437454224,
  "spec/models/follow_spec.rb": 0.20363807678222656,
  "spec/models/proposal_spec.rb": 7.808167934417725,
  "spec/features/voluteer_poll_spec.rb": 0.5426650047302246,
  "spec/models/poll/partial_result_spec.rb": 0.29878902435302734,
  "spec/i18n_spec.rb": 95.14122986793518,
  "spec/models/budget/result_spec.rb": 1.1567721366882324,
  "spec/features/admin_spec.rb": 1.0303115844726562,
  "spec/features/budgets/budgets_spec.rb": 1.1678600311279297,
  "spec/controllers/concerns/has_orders_spec.rb": 0.30751824378967285,
  "spec/features/admin/verifications_spec.rb": 0.8985459804534912,
  "spec/features/officing/residence_spec.rb": 3.336709976196289,
  "spec/features/budgets/votes_spec.rb": 3.8678040504455566,
  "spec/features/users_spec.rb": 18.047475337982178,
  "spec/features/tags/budget_investments_spec.rb": 23.2133207321167,
  "spec/features/admin/administrators_spec.rb": 1.8492107391357422,
  "spec/features/verification/email_spec.rb": 0.6691551208496094,
  "spec/models/verification/management/document_spec.rb": 0.020491361618041992,
  "spec/features/api/csv_exporter_spec.rb": 5.802776098251343,
  "spec/customization_engine_spec.rb": 1.4151673316955566,
  "spec/lib/wysiwyg_sanitizer_spec.rb": 0.002274036407470703,
  "spec/features/polls/answers_spec.rb": 18.46259307861328,
  "spec/lib/local_census_spec.rb": 0.007930755615234375,
  "spec/features/campaigns_spec.rb": 1.5370171070098877,
  "spec/mailers/mailer_spec.rb": 0.1153569221496582,
  "spec/features/management/users_spec.rb": 2.6975347995758057,
  "spec/models/poll/poll_spec.rb": 1.1590361595153809,
  "spec/models/verification/management/email_spec.rb": 0.08909463882446289,
  "spec/features/admin/legislation/processes_spec.rb": 6.111665725708008,
  "spec/features/legislation/draft_versions_spec.rb": 15.945917129516602,
  "spec/features/proposal_ballots_spec.rb": 0.6127059459686279,
  "spec/models/stat_spec.rb": 0.07222938537597656,
  "spec/features/custom/admin/probes_spec.rb": 0.2379310131072998,
  "spec/features/localization_spec.rb": 1.1705005168914795,
  "spec/helpers/admin_helper_spec.rb": 0.008035898208618164,
  "spec/models/residence_spec.rb": 0.5160167217254639,
  "spec/features/officing/booth_spec.rb": 0.6228156089782715,
  "spec/models/custom/probe_option_spec.rb": 0.2030937671661377,
  "spec/features/representatives_spec.rb": 1.47916579246521,
  "spec/features/comments/spending_proposals_spec.rb": 20.26790976524353,
  "spec/models/lock_spec.rb": 0.13579821586608887,
  "spec/features/budgets/custom_urls_spec.rb": 2.7110750675201416,
  "spec/features/officing/voters_spec.rb": 11.291720867156982,
  "spec/helpers/settings_helper_spec.rb": 0.03461194038391113,
  "spec/features/valuation/budget_investments_spec.rb": 15.863462686538696,
  "spec/models/custom/probe_selection_spec.rb": 0.10203003883361816,
  "spec/controllers/debates_controller_spec.rb": 0.442302942276001,
  "spec/features/proposals_spec.rb": 197.5709366798401,
  "spec/features/admin/budgets_spec.rb": 6.116262197494507,
  "spec/features/custom/probe_options_spec.rb": 3.8357715606689453,
  "spec/features/budgets/ballots_spec.rb": 32.88346028327942,
  "spec/controllers/concerns/has_filters_spec.rb": 0.33707189559936523,
  "spec/models/direct_upload_spec.rb": 1.2270176410675049,
  "spec/models/budget/group_spec.rb": 0.059758901596069336,
  "spec/models/proposal_notification_spec.rb": 0.4632430076599121,
  "spec/models/image_spec.rb": 8.322251319885254,
  "spec/features/comments/topics_spec.rb": 35.12819957733154,
  "spec/models/signature_sheet_spec.rb": 1.6879699230194092,
  "spec/models/budget/ballot/line_spec.rb": 0.920351505279541,
  "spec/models/budget/ballot_spec.rb": 0.9705259799957275,
  "spec/features/admin/budget_investment_milestones_spec.rb": 1.663438081741333,
  "spec/models/community_spec.rb": 0.21015596389770508,
  "spec/features/emails_spec.rb": 17.838582754135132,
  "spec/models/identity_spec.rb": 0.007883071899414062,
  "spec/models/organization_spec.rb": 0.20377016067504883,