{
  "spec/features/management/document_verifications_spec.rb": 54.17448377609253,
  "spec/features/spending_proposals_spec.rb": 2.705125570297241,
  "spec/features/admin/budget_investments_spec.rb": 19.896899700164795,
  "spec/features/budgets/budgets_spec.rb": 0.4167191982269287,
  "spec/features/management/users_spec.rb": 3.2355875968933105,
  "spec/lib/spending_proposals_importer_spec.rb": 1.017453670501709,
  "spec/features/account_spec.rb": 2.271092653274536,
  "spec/helpers/votes_helper_spec.rb": 0.44858264923095703,
  "spec/features/moderation/proposals_spec.rb": 4.742751836776733,
  "spec/controllers/debates_controller_spec.rb": 0.2623593807220459,
  "spec/features/user_invites_spec.rb": 0.21874594688415527,
  "spec/features/tags_spec.rb": 2.881978988647461,
  "spec/controllers/pages_controller_spec.rb": 0.10289263725280762,
  "spec/features/admin/banners_spec.rb": 2.686169385910034,
  "spec/features/valuation/spending_proposals_spec.rb": 8.130439519882202,
  "spec/features/ckeditor_spec.rb": 1.0175442695617676,
  "spec/features/valuation/budget_investments_spec.rb": 6.796356916427612,
  "spec/features/verification/level_two_verification_spec.rb": 0.45789313316345215,
  "spec/features/tags/budget_investments_spec.rb": 10.671012163162231,
  "spec/models/signature_spec.rb": 1.0628974437713623,
  "spec/features/management/managed_users_spec.rb": 1.5139601230621338,
  "spec/models/letter_spec.rb": 0.1097867488861084,
  "spec/features/comments/debates_spec.rb": 12.592287063598633,
  "spec/features/sessions_spec.rb": 0.3503243923187256,
  "spec/models/signature_sheet_spec.rb": 0.5397381782531738,
  "spec/mailers/devise_mailer_spec.rb": 0.06376838684082031,
  "spec/controllers/admin/api/stats_controller_spec.rb": 0.2264876365661621,
  "spec/features/admin/feature_flags_spec.rb": 0.5853826999664307,
  "spec/features/notifications_spec.rb": 12.585360765457153,
  "spec/controllers/management/base_controller_spec.rb": 0.01735234260559082,
  "spec/helpers/geozones_helper_spec.rb": 0.059060096740722656,
  "spec/lib/cache_spec.rb": 0.057135581970214844,
  "spec/features/admin/budgets_spec.rb": 3.47196888923645,
  "spec/features/comments/proposals_spec.rb": 14.34140133857727,
  "spec/i18n_spec.rb": 59.869616985321045,
  "spec/controllers/users/registrations_controller_spec.rb": 0.027117013931274414,
  "spec/models/ahoy/data_source_spec.rb": 0.046532630920410156,
  "spec/lib/acts_as_taggable_on_spec.rb": 0.25763797760009766,
  "spec/features/admin/verifications_spec.rb": 0.5322456359863281,
  "spec/features/admin/activity_spec.rb": 6.245920419692993,
  "spec/features/users_auth_spec.rb": 4.910919189453125,
  "spec/features/admin/geozones_spec.rb": 1.1101677417755127,
  "spec/features/verification/level_three_verification_spec.rb": 1.2446002960205078,
  "spec/features/moderation/users_spec.rb": 1.0908584594726562,
  "spec/features/localization_spec.rb": 0.6817822456359863,
  "spec/features/votes_spec.rb": 10.293386220932007,
  "spec/features/admin/comments_spec.rb": 2.4890687465667725,
  "spec/features/management/account_spec.rb": 1.1203999519348145,
  "spec/features/admin/moderators_spec.rb": 1.1019458770751953,
  "spec/features/tags/debates_spec.rb": 2.828442335128784,
  "spec/helpers/proposals_helper_spec.rb": 0.1567704677581787,
  "spec/controllers/management/sessions_controller_spec.rb": 0.07266688346862793,
  "spec/helpers/users_helper_spec.rb": 0.25275325775146484,
  "spec/models/budget/investment_spec.rb": 2.8698906898498535,
  "spec/features/verification/residence_spec.rb": 1.6340432167053223,
  "spec/models/spending_proposal_spec.rb": 1.5339767932891846,
  "spec/models/abilities/everyone_spec.rb": 0.048151493072509766,
  "spec/mailers/mailer_spec.rb": 0.05180168151855469,
  "spec/models/organization_spec.rb": 0.1083993911743164,
  "spec/features/tracks_spec.rb": 1.8089509010314941,
  "spec/models/abilities/common_spec.rb": 1.8844726085662842,
  "spec/features/emails_spec.rb": 8.60808777809143,
  "spec/features/verification/email_spec.rb": 0.4650886058807373,
  "spec/lib/manager_authenticator_spec.rb": 0.0050716400146484375,
  "spec/features/verification/letter_spec.rb": 1.5088157653808594,
  "spec/features/verification/sms_spec.rb": 1.6104755401611328,
  "spec/models/sms_spec.rb": 0.03068065643310547,
  "spec/features/direct_messages_spec.rb": 1.2756364345550537,
  "spec/lib/wysiwyg_sanitizer_spec.rb": 0.0025894641876220703,
  "spec/features/admin/users_spec.rb": 1.343276023864746,
  "spec/features/welcome_spec.rb": 1.378654956817627,
  "spec/models/lock_spec.rb": 0.07993745803833008,
  "spec/helpers/comments_helper_spec.rb": 0.010583639144897461,
  "spec/features/users_spec.rb": 6.439063787460327,
  "spec/features/admin/valuators_spec.rb": 1.0057058334350586,
  "spec/features/proposals_spec.rb": 33.53970956802368,
  "spec/features/stats_spec.rb": 0.7194232940673828,
  "spec/features/admin/organizations_spec.rb": 2.7506325244903564,
  "spec/features/management/spending_proposals_spec.rb": 4.820674657821655,
  "spec/models/flag_spec.rb": 0.4751725196838379,
  "spec/features/budgets/ballots_spec.rb": 20.3236243724823,
  "spec/features/management/proposals_spec.rb": 4.8367063999176025,
  "spec/features/admin/managers_spec.rb": 1.208801507949829,
  "spec/models/proposal_notification_spec.rb": 0.21875619888305664,
  "spec/models/abilities/valuator_spec.rb": 1.1417410373687744,
  "spec/lib/census_api_spec.rb": 0.002756357192993164,
  "spec/features/campaigns_spec.rb": 1.2990384101867676,
  "spec/features/admin/signature_sheets_spec.rb": 1.008446216583252,
  "spec/features/moderation/debates_spec.rb": 5.311923027038574,
  "spec/features/moderation/comments_spec.rb": 7.027488470077515,
  "spec/controllers/management/users_controller_spec.rb": 0.004802703857421875,
  "spec/features/registration_form_spec.rb": 0.8641955852508545,
  "spec/models/proposal_spec.rb": 5.7482664585113525,
  "spec/models/identity_spec.rb": 0.0020508766174316406,
  "spec/lib/acts_as_paranoid_aliases_spec.rb": 0.3309330940246582,
  "spec/customization_engine_spec.rb": 1.4245245456695557,
  "spec/models/user_spec.rb": 2.2354276180267334,
  "spec/features/management/localization_spec.rb": 1.2131106853485107,
  "spec/features/admin/debates_spec.rb": 1.9512214660644531,
  "spec/models/budget_spec.rb": 0.11238622665405273,
  "spec/helpers/verification_helper_spec.rb": 0.0013611316680908203,
  "spec/models/abilities/administrator_spec.rb": 1.572779893875122,
  "spec/features/valuation/budgets_spec.rb": 0.2885475158691406,
  "spec/models/notification_spec.rb": 0.42080020904541016,
  "spec/features/official_positions_spec.rb": 1.5759620666503906,
  "spec/helpers/settings_helper_spec.rb": 0.026433467864990234,
  "spec/features/comments/budget_investments_spec.rb": 14.936149597167969,
  "spec/models/valuator_spec.rb": 0.036624908447265625,
  "spec/features/debates_spec.rb": 26.954891443252563,
  "spec/features/verification/verification_path_spec.rb": 1.300161361694336,
  "spec/models/direct_message_spec.rb": 0.44811463356018066,
  "spec/models/custom/residence_spec.rb": 0.059293270111083984,
  "spec/features/admin/officials_spec.rb": 1.1048157215118408,
  "spec/lib/email_digests_spec.rb": 0.4939093589782715,
  "spec/models/verification/management/document_spec.rb": 0.021982908248901367,
  "spec/features/proposal_notifications_spec.rb": 3.016808032989502,
  "spec/features/proposal_ballots_spec.rb": 1.1181466579437256,
  "spec/features/budgets/investments_spec.rb": 21.673389673233032,
  "spec/features/admin_spec.rb": 1.0874137878417969,
  "spec/models/activity_spec.rb": 1.0137333869934082,
  "spec/models/geozone_spec.rb": 0.11485028266906738,
  "spec/features/tags/proposals_spec.rb": 8.604074954986572,
  "spec/features/admin/proposals_spec.rb": 2.0829906463623047,
  "spec/models/setting_spec.rb": 0.08045053482055664,
  "spec/models/debate_spec.rb": 5.072354555130005,
  "spec/features/admin/settings_spec.rb": 0.6724460124969482,
  "spec/models/budget/ballot/line_spec.rb": 0.4496328830718994,