{
  "spec/helpers/votes_helper_spec.rb": 1.9247241020202637,
  "spec/features/admin/site_customization/content_blocks_spec.rb": 5.525654077529907,
  "spec/features/moderation/proposals_spec.rb": 21.10563063621521,
  "spec/features/polls/polls_spec.rb": 41.82700848579407,
  "spec/models/setting_spec.rb": 2.9200007915496826,
  "spec/features/valuation/budgets_spec.rb": 1.8399147987365723,
  "spec/features/admin/poll/questions_spec.rb": 2.6838932037353516,
  "spec/lib/wysiwyg_sanitizer_spec.rb": 0.8582510948181152,
  "spec/models/poll/poll_spec.rb": 6.990106582641602,
  "spec/features/verification/level_three_verification_spec.rb": 2.8142292499542236,
  "spec/features/admin/emails/newsletters_spec.rb": 8.045061826705933,
  "spec/lib/tasks/dev_seed_spec.rb": 154.5065369606018,
  "spec/models/debate_spec.rb": 32.5616397857666,
  "spec/features/admin/poll/polls_spec.rb": 20.53029990196228,
  "spec/features/official_positions_spec.rb": 3.159071683883667,
  "spec/controllers/pages_controller_spec.rb": 1.939023494720459,
  "spec/controllers/concerns/has_orders_spec.rb": 1.4417927265167236,
  "spec/features/comments/budget_investments_spec.rb": 40.476513147354126,
  "spec/features/registration_form_spec.rb": 4.7642998695373535,
  "spec/features/admin/settings_spec.rb": 11.108770847320557,
  "spec/models/poll/voter_spec.rb": 4.39433741569519,
  "spec/features/guides_spec.rb": 2.948526382446289,
  "spec/features/officing/results_spec.rb": 2.1444389820098877,
  "spec/features/verification/letter_spec.rb": 3.7225558757781982,
  "spec/features/admin/site_customization/pages_spec.rb": 1.790579080581665,
  "spec/features/admin/widgets/cards_spec.rb": 8.64452600479126,
  "spec/features/admin/banners_spec.rb": 7.32423996925354,
  "spec/features/legislation/questions_spec.rb": 2.5584514141082764,
  "spec/features/proposal_ballots_spec.rb": 0.7401783466339111,
  "spec/features/admin/managers_spec.rb": 4.2071428298950195,
  "spec/controllers/application_controller_spec.rb": 0.8678901195526123,
  "spec/controllers/users/registrations_controller_spec.rb": 0.44539594650268555,
  "spec/features/translations_spec.rb": 16.89036774635315,
  "spec/models/poll/partial_result_spec.rb": 1.3466713428497314,
  "spec/features/admin/poll/questions/answers/videos/videos_spec.rb": 0.45564794540405273,
  "spec/models/organization_spec.rb": 2.4066359996795654,
  "spec/features/budgets/ballots_spec.rb": 52.6602725982666,
  "spec/models/budget/ballot/line_spec.rb": 2.5589516162872314,
  "spec/features/admin/poll/questions/answers/images/images_spec.rb": 6.252883195877075,
  "spec/features/admin/valuator_groups_spec.rb": 3.4325931072235107,
  "spec/models/budget/result_spec.rb": 2.5409233570098877,
  "spec/helpers/verification_helper_spec.rb": 0.7236690521240234,
  "spec/i18n_spec.rb": 9.241354942321777,
  "spec/features/admin/poll/shifts_spec.rb": 11.702121496200562,
  "spec/features/admin/poll/officers_spec.rb": 2.325108528137207,
  "spec/controllers/graphql_controller_spec.rb": 3.2026760578155518,
  "spec/models/comment_spec.rb": 7.425090074539185,
  "spec/models/direct_message_spec.rb": 2.570894479751587,
  "spec/features/admin_spec.rb": 2.3781089782714844,
  "spec/models/geozone_spec.rb": 1.578934907913208,
  "spec/lib/census_caller_spec.rb": 0.47748804092407227,
  "spec/models/budget/group_spec.rb": 2.085042953491211,
  "spec/models/image_spec.rb": 15.60672116279602,
  "spec/models/legislation/proposal_spec.rb": 1.3015773296356201,
  "spec/models/activity_spec.rb": 2.7077889442443848,
  "spec/features/home_spec.rb": 4.511173486709595,
  "spec/models/budget/investment/milestone_spec.rb": 5.136592626571655,
  "spec/models/legislation/process/phase_spec.rb": 1.3941795825958252,
  "spec/models/budget/phase_spec.rb": 11.81902813911438,
  "spec/lib/user_segments_spec.rb": 9.551864862442017,
  "spec/models/abilities/organization_spec.rb": 2.282193899154663,
  "spec/lib/local_census_spec.rb": 1.4585235118865967,
  "spec/helpers/application_helper_spec.rb": 0.7274577617645264,
  "spec/features/polls/voter_spec.rb": 21.75647211074829,
  "spec/models/verification/management/document_spec.rb": 1.4520442485809326,
  "spec/models/vote_spec.rb": 5.250682592391968,
  "spec/models/custom/verification/residence_spec.rb": 0.7798707485198975,
  "spec/features/comments/proposals_spec.rb": 44.320897579193115,
  "spec/features/admin/legislation/draft_versions_spec.rb": 5.146088123321533,
  "spec/lib/acts_as_taggable_on_spec.rb": 2.6721038818359375,
  "spec/lib/census_api_spec.rb": 1.3697211742401123,
  "spec/features/verification/level_two_verification_spec.rb": 0.6944849491119385,
  "spec/models/legislation/answer_spec.rb": 0.9158306121826172,
  "spec/models/notification_spec.rb": 4.91338849067688,
  "spec/lib/manager_authenticator_spec.rb": 1.679121732711792,
  "spec/models/verification/letter_spec.rb": 1.2081491947174072,
  "spec/lib/tasks/map_location_spec.rb": 0.25089311599731445,
  "spec/features/officing/voters_spec.rb": 6.966830492019653,
  "spec/models/legislation/annotation_spec.rb": 1.1694798469543457,
  "spec/features/sessions_spec.rb": 0.5324661731719971,
  "spec/features/direct_messages_spec.rb": 3.043520212173462,
  "spec/controllers/legislation/annotations_controller_spec.rb": 1.898331880569458,
  "spec/features/budgets/votes_spec.rb": 16.01220202445984,
  "spec/features/management/localization_spec.rb": 5.850449085235596,
  "spec/models/signature_spec.rb": 14.875547409057617,
  "spec/features/ckeditor_spec.rb": 2.9620261192321777,
  "spec/controllers/management/sessions_controller_spec.rb": 1.3280744552612305,
  "spec/features/admin/proposal_notifications_spec.rb": 4.826445579528809,
  "spec/features/polls/results_spec.rb": 6.088449001312256,
  "spec/models/related_content_spec.rb": 2.161971092224121,
  "spec/controllers/debates_controller_spec.rb": 1.026824951171875,
  "spec/models/poll/recount_spec.rb": 1.383685827255249,
  "spec/models/budget/investment/status_spec.rb": 0.40141797065734863,
  "spec/models/legislation/process/publication_spec.rb": 1.3006155490875244,
  "spec/models/site_customization/content_block_spec.rb": 0.46710920333862305,
  "spec/customization_engine_spec.rb": 2.2306907176971436,
  "spec/features/moderation/comments_spec.rb": 11.995895862579346,
  "spec/models/tag_cloud_spec.rb": 4.235608816146851,
  "spec/features/admin/organizations_spec.rb": 6.28728461265564,
  "spec/features/tags/budget_investments_spec.rb": 37.69240593910217,
  "spec/features/admin/stats_spec.rb": 6.9300689697265625,
  "spec/features/comments/legislation_annotations_spec.rb": 40.50071859359741,
  "spec/features/admin/legislation/questions_spec.rb": 6.142740964889526,
  "spec/features/admin/geozones_spec.rb": 2.9746437072753906,
  "spec/features/debates_spec.rb": 80.45999050140381,
  "spec/features/stats_spec.rb": 1.2480409145355225,
  "spec/models/signature_sheet_spec.rb": 4.21362566947937,
  "spec/features/admin/valuators_spec.rb": 5.309014081954956,
  "spec/features/admin/budget_groups_spec.rb": 6.729426145553589,
  "spec/features/verification/residence_spec.rb": 3.118638277053833,
  "spec/models/poll/officer_spec.rb": 1.5057151317596436,
  "spec/models/budget/ballot_spec.rb": 2.901576280593872,
  "spec/models/abilities/administrator_spec.rb": 13.805708646774292,
  "spec/models/topic_spec.rb": 8.181006908416748,
  "spec/features/management/budget_investments_spec.rb": 17.35987091064453,
  "spec/features/legislation/proposals_spec.rb": 21.712324142456055,
  "spec/features/admin/emails/emails_download_spec.rb": 0.6266088485717773,
  "spec/models/newsletter_spec.rb": 2.008305072784424,
  "spec/features/proposal_notifications_spec.rb": 20.093811511993408,
  "spec/features/budget_polls/officing_spec.rb": 0.7592868804931641,
  "spec/features/admin/poll/questions/answers/answers_spec.rb": 1.621028184890747,
  "spec/features/management/users_spec.rb": 3.4778735637664795,
  "spec/features/admin/budget_investment_milestones_spec.rb": 6.3836870193481445,