{
  "spec/models/letter_spec.rb": 0.5368516445159912,
  "spec/features/admin/spending_proposals_spec.rb": 37.19773817062378,
  "spec/features/localization_spec.rb": 0.7139582633972168,
  "spec/models/forum_spec.rb": 0.18520402908325195,
  "spec/i18n_spec.rb": 41.9346284866333,
  "spec/features/sessions_spec.rb": 0.44582104682922363,
  "spec/features/stats_spec.rb": 0.606097936630249,
  "spec/features/verification/residence_spec.rb": 1.6788458824157715,
  "spec/models/identity_spec.rb": 0.007632017135620117,
  "spec/models/ahoy/data_source_spec.rb": 0.06025409698486328,
  "spec/models/user_spec.rb": 1.2595415115356445,
  "spec/lib/tag_sanitizer_spec.rb": 0.00047898292541503906,
  "spec/features/welcome_spec.rb": 1.30106782913208,
  "spec/controllers/concerns/has_filters_spec.rb": 0.051070213317871094,
  "spec/features/admin/managers_spec.rb": 1.079671859741211,
  "spec/models/abilities/moderator_spec.rb": 2.1746129989624023,
  "spec/models/verification/management/email_spec.rb": 0.05237293243408203,
  "spec/models/tag_cloud_spec.rb": 1.5793039798736572,
  "spec/models/proposal_notification_spec.rb": 0.16530966758728027,
  "spec/features/verification/email_spec.rb": 0.6061990261077881,
  "spec/controllers/management/base_controller_spec.rb": 0.01481771469116211,
  "spec/features/users_spec.rb": 4.796932935714722,
  "spec/models/debate_spec.rb": 4.257237195968628,
  "spec/features/management/managed_users_spec.rb": 1.3912551403045654,
  "spec/models/spending_proposal_spec.rb": 4.630021572113037,
  "spec/features/admin/valuators_spec.rb": 0.8410382270812988,
  "spec/controllers/admin/api/stats_controller_spec.rb": 0.08804702758789062,
  "spec/features/management/users_spec.rb": 1.5560698509216309,
  "spec/helpers/tracks_helper_spec.rb": 0.019404888153076172,
  "spec/features/verification/level_two_verification_spec.rb": 0.3470470905303955,
  "spec/features/verification/level_three_verification_spec.rb": 1.3202118873596191,
  "spec/features/verification/verified_user_spec.rb": 0.6373460292816162,
  "spec/helpers/verification_helper_spec.rb": 0.0009210109710693359,
  "spec/features/management/spending_proposals_spec.rb": 3.295926570892334,
  "spec/features/admin/officials_spec.rb": 0.8252031803131104,
  "spec/helpers/spending_proposals_helper_spec.rb": 0.33332133293151855,
  "spec/models/verification/management/document_spec.rb": 0.005989789962768555,
  "spec/features/account_spec.rb": 1.6123111248016357,
  "spec/features/registration_form_spec.rb": 0.6787199974060059,
  "spec/features/admin/settings_spec.rb": 0.3815600872039795,
  "spec/models/abilities/valuator_spec.rb": 0.11416077613830566,
  "spec/models/abilities/common_spec.rb": 2.3205978870391846,
  "spec/models/abilities/organization_spec.rb": 0.2913339138031006,
  "spec/helpers/comments_helper_spec.rb": 0.004551410675048828,
  "spec/models/sms_spec.rb": 0.02568507194519043,
  "spec/features/human_rights_spec.rb": 5.569085597991943,
  "spec/lib/acts_as_taggable_on_spec.rb": 0.34872913360595703,
  "spec/features/custom/probe_options_spec.rb": 2.415275812149048,
  "spec/helpers/application_helper_spec.rb": 0.09104728698730469,
  "spec/helpers/settings_helper_spec.rb": 0.02427983283996582,
  "spec/models/valuator_spec.rb": 0.041880130767822266,
  "spec/features/management/account_spec.rb": 0.5358538627624512,
  "spec/controllers/concerns/has_orders_spec.rb": 0.06630802154541016,
  "spec/features/organizations_spec.rb": 0.34036874771118164,
  "spec/features/custom/probe_option_comments_spec.rb": 9.860190868377686,
  "spec/features/proposal_ballots_spec.rb": 0.7604885101318359,
  "spec/features/campaigns_spec.rb": 1.579474925994873,
  "spec/features/debates_spec.rb": 27.860392808914185,
  "spec/features/valuation_spec.rb": 1.2250025272369385,
  "spec/features/verification/letter_spec.rb": 1.7007582187652588,
  "spec/features/moderation_spec.rb": 1.4953463077545166,
  "spec/features/admin/stats_spec.rb": 9.486598491668701,
  "spec/helpers/users_helper_spec.rb": 0.1904611587524414,
  "spec/models/residence_spec.rb": 0.30188655853271484,
  "spec/controllers/debates_controller_spec.rb": 0.3431720733642578,
  "spec/helpers/votes_helper_spec.rb": 0.41589951515197754,
  "spec/models/lock_spec.rb": 0.07174563407897949,
  "spec/models/organization_spec.rb": 0.11957144737243652,
  "spec/features/admin/tags_spec.rb": 0.7523891925811768,
  "spec/helpers/orders_helper_spec.rb": 0.0011112689971923828,
  "spec/features/moderation/proposals_spec.rb": 4.410865306854248,
  "spec/features/proceedings_spec.rb": 0.7698733806610107,
  "spec/mailers/mailer_spec.rb": 0.07994318008422852,
  "spec/features/moderation/users_spec.rb": 1.1688930988311768,
  "spec/features/comments/proposals_spec.rb": 12.892137050628662,
  "spec/features/spending_proposals_spec.rb": 23.95137047767639,
  "spec/models/custom/probe_option_spec.rb": 0.10537385940551758,
  "spec/features/custom/probes_spec.rb": 1.595210313796997,
  "spec/models/custom/probe_spec.rb": 0.06942224502563477,
  "spec/features/management/localization_spec.rb": 0.7105605602264404,
  "spec/features/admin/users_spec.rb": 1.0620646476745605,
  "spec/features/admin/debates_spec.rb": 1.385105848312378,
  "spec/models/flag_spec.rb": 0.47397828102111816,
  "spec/features/admin/organizations_spec.rb": 3.332595109939575,
  "spec/features/ballots_spec.rb": 18.395970582962036,
  "spec/helpers/tags_helper_spec.rb": 0.07259559631347656,
  "spec/features/admin/comments_spec.rb": 2.8116981983184814,
  "spec/lib/wysiwyg_sanitizer_spec.rb": 0.0020792484283447266,
  "spec/models/vote_spec.rb": 0.3896329402923584,
  "spec/helpers/geozones_helper_spec.rb": 0.1267697811126709,
  "spec/models/redeemable_code_spec.rb": 0.06979680061340332,
  "spec/features/proposals_spec.rb": 35.9083354473114,
  "spec/features/open_plenary_spec.rb": 2.0850913524627686,
  "spec/features/admin/feature_flags_spec.rb": 0.5926799774169922,
  "spec/models/notification_spec.rb": 0.3743631839752197,
  "spec/features/forum_spec.rb": 2.2464346885681152,
  "spec/features/emails_spec.rb": 7.18300986289978,
  "spec/features/proposal_notifications_spec.rb": 2.1303789615631104,
  "spec/features/direct_messages_spec.rb": 1.1919429302215576,
  "spec/features/comments/debates_spec.rb": 13.296637296676636,
  "spec/features/admin/activity_spec.rb": 6.017541408538818,
  "spec/features/moderation/comments_spec.rb": 6.851179361343384,
  "spec/lib/acts_as_paranoid_aliases_spec.rb": 0.24600887298583984,
  "spec/features/tags_spec.rb": 2.994281053543091,
  "spec/models/abilities/administrator_spec.rb": 1.432008981704712,
  "spec/models/custom/probe_selection_spec.rb": 0.15323805809020996,
  "spec/features/votes_spec.rb": 13.132002592086792,
  "spec/features/admin/verifications_spec.rb": 0.5614075660705566,
  "spec/models/ballot_spec.rb": 0.4122917652130127,
  "spec/controllers/pages_controller_spec.rb": 0.1931018829345703,
  "spec/features/verification/sms_spec.rb": 1.3833584785461426,
  "spec/controllers/users/registrations_controller_spec.rb": 0.0184171199798584,
  "spec/features/valuation/spending_proposals_spec.rb": 9.320064306259155,
  "spec/customization_engine_spec.rb": 1.0033619403839111,
  "spec/lib/email_digests_spec.rb": 1.5363621711730957,
  "spec/features/notifications_spec.rb": 11.574046850204468,
  "spec/models/comment_spec.rb": 1.5153191089630127,
  "spec/features/admin/proposals_spec.rb": 1.5476078987121582,
  "spec/features/users_auth_spec.rb": 5.1731579303741455,
  "spec/features/admin/banners_spec.rb": 2.635664224624634,
  "spec/models/setting_spec.rb": 0.1228795051574707,
  "spec/models/proposal_spec.rb": 5.177615404129028,
  "spec/features/moderation/debates_spec.rb": 5.42633581161499,
  "spec/features/representatives_spec.rb": 1.2570075988769531,
  "spec/features/tracks_spec.rb": 6.9524126052856445,
  "spec/models/abilities/everyone_spec.rb": 0.1738576889038086,
  "spec/features/custom/admin/probes_spec.rb": 0.10648703575134277,
  "spec/features/management/document_verifications_spec.rb": 0.7867996692657471,