{
  "spec/models/setting_spec.rb": 0.07869887351989746,
  "spec/features/admin/managers_spec.rb": 5.029380798339844,
  "spec/features/management/managed_users_spec.rb": 3.1642160415649414,
  "spec/features/admin/poll/booths_spec.rb": 1.4152588844299316,
  "spec/features/admin/comments_spec.rb": 3.889301061630249,
  "spec/helpers/admin_helper_spec.rb": 0.005057334899902344,
  "spec/models/abilities/moderator_spec.rb": 2.3274271488189697,
  "spec/controllers/admin/api/stats_controller_spec.rb": 0.4249396324157715,
  "spec/features/admin/organizations_spec.rb": 3.339292049407959,
  "spec/features/admin/newsletters_spec.rb": 0.2460641860961914,
  "spec/helpers/geozones_helper_spec.rb": 0.08249163627624512,
  "spec/lib/graph_ql/api_types_creator_spec.rb": 0.006573915481567383,
  "spec/features/emails_spec.rb": 18.91256046295166,
  "spec/features/admin/hidden_users_spec.rb": 1.3854436874389648,
  "spec/features/welcome_spec.rb": 1.1956276893615723,
  "spec/features/sessions_spec.rb": 0.3943772315979004,
  "spec/models/custom/residence_spec.rb": 0.07002687454223633,
  "spec/models/poll/booth_spec.rb": 0.05489993095397949,
  "spec/models/direct_message_spec.rb": 0.3973381519317627,
  "spec/features/valuation/budget_investments_spec.rb": 7.6013023853302,
  "spec/models/map_location_spec.rb": 0.12476563453674316,
  "spec/models/budget/heading_spec.rb": 0.09248590469360352,
  "spec/models/user_spec.rb": 2.9006423950195312,
  "spec/features/admin/site_customization/content_blocks_spec.rb": 1.6733989715576172,
  "spec/mailers/mailer_spec.rb": 0.08513784408569336,
  "spec/models/site_customization/page_spec.rb": 0.015056133270263672,
  "spec/features/management/budget_investments_spec.rb": 8.112786293029785,
  "spec/features/admin/activity_spec.rb": 12.442089080810547,
  "spec/features/registration_form_spec.rb": 1.0509357452392578,
  "spec/controllers/legislation/annotations_controller_spec.rb": 0.8151364326477051,
  "spec/lib/census_caller_spec.rb": 0.018165111541748047,
  "spec/features/users_auth_spec.rb": 6.5102221965789795,
  "spec/features/tags/proposals_spec.rb": 10.001718521118164,
  "spec/features/account_spec.rb": 2.2510504722595215,
  "spec/features/admin/users_spec.rb": 0.4342050552368164,
  "spec/lib/cache_spec.rb": 0.057682037353515625,
  "spec/features/valuation_spec.rb": 1.3436784744262695,
  "spec/models/budget/investment_spec.rb": 12.89230751991272,
  "spec/lib/migrate_spending_proposals_to_investments_spec.rb": 0.904367208480835,
  "spec/helpers/settings_helper_spec.rb": 0.02300858497619629,
  "spec/helpers/application_helper_spec.rb": 0.09152626991271973,
  "spec/models/legislation/draft_version_spec.rb": 0.020322084426879883,
  "spec/models/legislation/question_spec.rb": 0.3402721881866455,
  "spec/models/document_spec.rb": 1.3238348960876465,
  "spec/models/poll/question_spec.rb": 0.12588191032409668,
  "spec/features/admin/poll/polls_spec.rb": 11.77881646156311,
  "spec/lib/manager_authenticator_spec.rb": 0.006296873092651367,
  "spec/features/admin/debates_spec.rb": 1.688420295715332,
  "spec/features/moderation/debates_spec.rb": 5.343512773513794,
  "spec/controllers/debates_controller_spec.rb": 0.40573883056640625,
  "spec/models/tag_cloud_spec.rb": 1.6984672546386719,
  "spec/models/budget/investment/milestone_spec.rb": 0.15051603317260742,
  "spec/models/proposal_notification_spec.rb": 0.2914905548095703,
  "spec/features/budgets/investments_spec.rb": 93.5263159275055,
  "spec/i18n_spec.rb": 96.26275777816772,
  "spec/models/community_spec.rb": 0.16270899772644043,
  "spec/controllers/graphql_controller_spec.rb": 0.5831413269042969,
  "spec/models/legislation/annotation_spec.rb": 0.16232728958129883,
  "spec/lib/acts_as_taggable_on_spec.rb": 0.5747356414794922,
  "spec/lib/census_api_spec.rb": 0.0021581649780273438,
  "spec/features/moderation/comments_spec.rb": 6.70704984664917,
  "spec/models/poll/voter_spec.rb": 0.32018303871154785,
  "spec/features/proposal_notifications_spec.rb": 3.906450033187866,
  "spec/models/budget/result_spec.rb": 0.8468267917633057,
  "spec/helpers/users_helper_spec.rb": 0.25751638412475586,
  "spec/features/valuation/budgets_spec.rb": 0.2564871311187744,
  "spec/controllers/users/registrations_controller_spec.rb": 0.022383689880371094,
  "spec/controllers/management/base_controller_spec.rb": 0.06711888313293457,
  "spec/features/admin/officials_spec.rb": 0.893528938293457,
  "spec/features/comments/topics_spec.rb": 29.998314142227173,
  "spec/features/users_spec.rb": 11.885858297348022,
  "spec/models/topic_spec.rb": 0.27634167671203613,
  "spec/models/follow_spec.rb": 0.1256728172302246,
  "spec/lib/local_census_spec.rb": 0.005529880523681641,
  "spec/features/verification/sms_spec.rb": 1.5214743614196777,
  "spec/helpers/comments_helper_spec.rb": 0.010879278182983398,
  "spec/models/valuator_spec.rb": 0.02650904655456543,
  "spec/features/proposal_ballots_spec.rb": 0.3937220573425293,
  "spec/features/proposals_spec.rb": 142.48229122161865,
  "spec/features/legislation/processes_spec.rb": 2.863476514816284,
  "spec/features/ckeditor_spec.rb": 0.8433480262756348,
  "spec/models/letter_spec.rb": 0.0695810317993164,
  "spec/features/admin/budget_investments_spec.rb": 18.484699964523315,
  "spec/models/officing/residence_spec.rb": 0.3402073383331299,
  "spec/controllers/concerns/has_orders_spec.rb": 0.1844041347503662,
  "spec/features/admin/legislation/processes_spec.rb": 4.020649433135986,
  "spec/features/management/users_spec.rb": 2.288966178894043,
  "spec/lib/tasks/communities_spec.rb": 0.15353775024414062,
  "spec/models/abilities/organization_spec.rb": 0.24793481826782227,
  "spec/features/polls/polls_spec.rb": 2.591568946838379,
  "spec/features/communities_spec.rb": 1.6137127876281738,
  "spec/models/legislation/process/phase_spec.rb": 0.07121586799621582,
  "spec/features/officing_spec.rb": 0.979363203048706,
  "spec/features/site_customization/custom_pages_spec.rb": 0.5588700771331787,
  "spec/features/comments/legislation_questions_spec.rb": 14.133169889450073,
  "spec/features/organizations_spec.rb": 0.46280837059020996,
  "spec/controllers/legislation/answers_controller_spec.rb": 0.39082813262939453,
  "spec/models/image_spec.rb": 7.636544466018677,
  "spec/features/management/account_spec.rb": 1.150636911392212,
  "spec/models/abilities/common_spec.rb": 5.959435701370239,
  "spec/features/comments/debates_spec.rb": 13.69457721710205,
  "spec/models/poll/shift_spec.rb": 0.19109749794006348,
  "spec/features/site_customization/content_blocks_spec.rb": 0.3058288097381592,
  "spec/models/poll/recount_spec.rb": 0.1983809471130371,
  "spec/features/verification/level_two_verification_spec.rb": 0.4596068859100342,
  "spec/features/verification/level_three_verification_spec.rb": 1.456559658050537,
  "spec/lib/tasks/settings_spec.rb": 0.04654407501220703,
  "spec/features/admin/budget_investment_milestones_spec.rb": 1.3974273204803467,
  "spec/features/management/localization_spec.rb": 1.1653187274932861,
  "spec/features/admin/tags_spec.rb": 1.0751111507415771,
  "spec/features/officing/results_spec.rb": 1.2672057151794434,
  "spec/features/admin/poll/booth_assigments_spec.rb": 4.1742753982543945,
  "spec/models/poll/officer_assignment_spec.rb": 0.024514198303222656,
  "spec/controllers/management/sessions_controller_spec.rb": 0.07244610786437988,
  "spec/features/admin/signature_sheets_spec.rb": 1.4268932342529297,
  "spec/models/debate_spec.rb": 4.550540924072266,
  "spec/features/comments/proposals_spec.rb": 25.726442337036133,
  "spec/models/poll/partial_result_spec.rb": 0.32181620597839355,
  "spec/features/admin/legislation/draft_versions_spec.rb": 3.4613990783691406,
  "spec/models/budget_spec.rb": 0.14807415008544922,
  "spec/models/sms_spec.rb": 0.018825769424438477,
  "spec/features/admin/proposals_spec.rb": 1.837270975112915,
  "spec/models/geozone_spec.rb": 0.11852264404296875,
  "spec/features/admin/banners_spec.rb": 3.0584604740142822,