{
  "spec/features/custom/admin/probes_spec.rb": 17.30732274055481,
  "spec/features/admin/settings_spec.rb": 0.34778785705566406,
  "spec/models/setting_spec.rb": 0.24956798553466797,
  "spec/features/admin/managers_spec.rb": 7.204285144805908,
  "spec/models/poll/partial_result_spec.rb": 0.5416579246520996,
  "spec/features/admin/verifications_spec.rb": 1.1186656951904297,
  "spec/features/debates_spec.rb": 29.82297372817993,
  "spec/features/management/budget_investments_spec.rb": 6.087609052658081,
  "spec/models/poll/answer_spec.rb": 0.15323114395141602,
  "spec/lib/spending_proposals_importer_spec.rb": 1.4719536304473877,
  "spec/models/poll/officer_spec.rb": 0.3894076347351074,
  "spec/models/abilities/common_spec.rb": 8.145432472229004,
  "spec/features/tags/budget_investments_spec.rb": 41.16485118865967,
  "spec/models/ballot_line_spec.rb": 0.7868976593017578,
  "spec/helpers/tags_helper_spec.rb": 0.07928586006164551,
  "spec/features/tags/debates_spec.rb": 3.311126708984375,
  "spec/features/moderation/users_spec.rb": 1.2342519760131836,
  "spec/features/admin/spending_proposals_spec.rb": 25.430720329284668,
  "spec/features/admin/comments_spec.rb": 2.61952805519104,
  "spec/models/geozone_spec.rb": 0.1059110164642334,
  "spec/models/poll/poll_spec.rb": 0.5956192016601562,
  "spec/helpers/tracks_helper_spec.rb": 0.021205902099609375,
  "spec/models/direct_message_spec.rb": 0.40096402168273926,
  "spec/features/registration_form_spec.rb": 1.596355676651001,
  "spec/features/comments/debates_spec.rb": 21.056635856628418,
  "spec/features/admin/signature_sheets_spec.rb": 2.6198933124542236,
  "spec/lib/acts_as_paranoid_aliases_spec.rb": 0.6855549812316895,
  "spec/lib/census_api_spec.rb": 0.005901336669921875,
  "spec/features/admin/valuators_spec.rb": 1.0956933498382568,
  "spec/models/signature_sheet_spec.rb": 0.5966982841491699,
  "spec/models/forum_spec.rb": 0.35486674308776855,
  "spec/features/admin/tags_spec.rb": 3.6359474658966064,
  "spec/models/poll/officer_assignment_spec.rb": 0.17283368110656738,
  "spec/features/management/proposals_spec.rb": 12.978403568267822,
  "spec/models/abilities/administrator_spec.rb": 4.6527087688446045,
  "spec/features/admin/poll/questions_spec.rb": 5.319325685501099,
  "spec/lib/manager_authenticator_spec.rb": 0.008944988250732422,
  "spec/features/polls/questions_spec.rb": 4.147093057632446,
  "spec/features/verification/letter_spec.rb": 4.373694181442261,
  "spec/features/open_plenary_spec.rb": 7.421766996383667,
  "spec/models/organization_spec.rb": 0.5679535865783691,
  "spec/features/official_positions_spec.rb": 4.22638463973999,
  "spec/models/user_spec.rb": 9.270716667175293,
  "spec/features/admin/proposals_spec.rb": 9.213123798370361,
  "spec/features/budgets/votes_spec.rb": 11.965510606765747,
  "spec/features/officing/results_spec.rb": 4.361356496810913,
  "spec/features/valuation/budgets_spec.rb": 1.2810211181640625,
  "spec/features/stats_spec.rb": 1.8326361179351807,
  "spec/features/admin/poll/officers_spec.rb": 3.108527898788452,
  "spec/features/budgets/ballots_spec.rb": 67.26015257835388,
  "spec/models/custom/probe_spec.rb": 0.21557211875915527,
  "spec/models/ahoy/data_source_spec.rb": 0.1744532585144043,
  "spec/models/poll/nvote_spec.rb": 1.31601881980896,
  "spec/models/poll/null_result_spec.rb": 0.4243967533111572,
  "spec/features/admin/poll/officer_assignments_spec.rb": 4.031826972961426,
  "spec/models/custom/probe_option_spec.rb": 0.30661678314208984,
  "spec/features/admin/activity_spec.rb": 15.49608302116394,
  "spec/controllers/management/users_controller_spec.rb": 0.034668922424316406,
  "spec/features/admin/users_spec.rb": 2.7444334030151367,
  "spec/models/tag_cloud_spec.rb": 3.483003854751587,
  "spec/features/comments/proposals_spec.rb": 30.899325609207153,
  "spec/features/polls/nvotes_spec.rb": 25.203139066696167,
  "spec/models/poll/question_spec.rb": 0.17351913452148438,
  "spec/models/budget/ballot/line_spec.rb": 0.7769839763641357,
  "spec/features/valuation_spec.rb": 2.508742094039917,
  "spec/lib/proposal_calculator_spec.rb": 1.2750661373138428,
  "spec/helpers/geozones_helper_spec.rb": 0.3645617961883545,
  "spec/lib/wysiwyg_sanitizer_spec.rb": 0.004724025726318359,
  "spec/models/abilities/moderator_spec.rb": 4.199685096740723,
  "spec/features/officing_spec.rb": 0.8143343925476074,
  "spec/models/abilities/everyone_spec.rb": 0.07632613182067871,
  "spec/lib/tag_sanitizer_spec.rb": 0.0005319118499755859,
  "spec/features/ckeditor_spec.rb": 0.7501270771026611,
  "spec/features/forum_spec.rb": 1.7102468013763428,
  "spec/models/budget_spec.rb": 0.0729372501373291,
  "spec/models/signature_spec.rb": 1.035726547241211,
  "spec/features/management/users_spec.rb": 2.0431859493255615,
  "spec/mailers/devise_mailer_spec.rb": 0.20134186744689941,
  "spec/features/verification/verification_path_spec.rb": 1.073575735092163,
  "spec/features/custom/probes_spec.rb": 2.152669668197632,
  "spec/helpers/comments_helper_spec.rb": 0.010336875915527344,
  "spec/models/budget/investment_spec.rb": 3.40434193611145,
  "spec/features/answers_spec.rb": 0.19152498245239258,
  "spec/features/spending_proposals_spec.rb": 98.03314971923828,
  "spec/features/home_spec.rb": 1.0022521018981934,
  "spec/models/verification/management/document_spec.rb": 0.024127483367919922,
  "spec/features/officing/nvotes_spec.rb": 75.24939250946045,
  "spec/helpers/spending_proposals_helper_spec.rb": 0.29735255241394043,
  "spec/features/user_invites_spec.rb": 0.21710515022277832,
  "spec/features/admin/geozones_spec.rb": 1.4635779857635498,
  "spec/models/poll/voter_spec.rb": 0.5340688228607178,
  "spec/models/proposal_notification_spec.rb": 0.1789250373840332,
  "spec/models/custom/residence_spec.rb": 0.04830455780029297,
  "spec/models/lock_spec.rb": 0.09153175354003906,
  "spec/features/budgets/custom_urls_spec.rb": 1.3343801498413086,
  "spec/lib/email_digests_spec.rb": 0.43285560607910156,
  "spec/features/proceedings_spec.rb": 0.7031562328338623,
  "spec/features/admin/debates_spec.rb": 1.7776589393615723,
  "spec/features/custom/probe_option_comments_spec.rb": 11.14889407157898,
  "spec/features/comments/budget_investments_spec.rb": 13.936062812805176,
  "spec/features/admin/organizations_spec.rb": 3.5747172832489014,
  "spec/features/admin/moderators_spec.rb": 1.2333662509918213,
  "spec/features/welcome_spec.rb": 1.4073283672332764,
  "spec/features/human_rights_spec.rb": 6.2039361000061035,
  "spec/helpers/users_helper_spec.rb": 0.26509642601013184,
  "spec/lib/cache_spec.rb": 0.055470943450927734,
  "spec/features/admin/stats_spec.rb": 10.64449167251587,
  "spec/i18n_spec.rb": 58.82511496543884,
  "spec/models/ballot_spec.rb": 0.3390688896179199,
  "spec/models/identity_spec.rb": 0.0036139488220214844,
  "spec/features/admin/poll/booth_assigments_spec.rb": 3.1175668239593506,
  "spec/features/officing/recount_spec.rb": 0.5410828590393066,
  "spec/models/custom/probe_selection_spec.rb": 0.04968667030334473,
  "spec/features/admin/poll/polls_spec.rb": 77.24124598503113,
  "spec/models/proposal_spec.rb": 5.3016626834869385,
  "spec/features/verification/level_two_verification_spec.rb": 0.3462989330291748,
  "spec/models/poll/booth_spec.rb": 0.014056205749511719,
  "spec/models/vote_spec.rb": 0.3175039291381836,
  "spec/features/localization_spec.rb": 0.8854899406433105,
  "spec/features/comments/spending_proposals_spec.rb": 14.04341173171997,
  "spec/models/poll/recount_spec.rb": 0.21709489822387695,
  "spec/features/polls/voter_spec.rb": 0.8021740913391113,
  "spec/features/moderation/debates_spec.rb": 12.976552963256836,
  "spec/features/custom/probe_options_spec.rb": 2.9943621158599854,
  "spec/models/valuator_spec.rb": 0.04349708557128906,
  "spec/controllers/debates_controller_spec.rb": 0.5831582546234131,
  "spec/features/tags/proposals_spec.rb": 16.826016664505005,
  "spec/features/users_auth_spec.rb": 6.791955947875977,
  "spec/features/organizations_spec.rb": 0.42755603790283203,