{
  "spec/helpers/comments_helper_spec.rb": 0.010898828506469727,
  "spec/controllers/graphql_controller_spec.rb": 0.7817962169647217,
  "spec/controllers/concerns/has_orders_spec.rb": 0.09597063064575195,
  "spec/features/officing/results_spec.rb": 2.6492855548858643,
  "spec/models/poll/question_spec.rb": 0.09519433975219727,
  "spec/features/organizations_spec.rb": 1.9025108814239502,
  "spec/models/legislation/process_spec.rb": 0.09253501892089844,
  "spec/lib/acts_as_paranoid_aliases_spec.rb": 0.2438969612121582,
  "spec/features/officing_spec.rb": 1.4767742156982422,
  "spec/lib/age_spec.rb": 0.0006227493286132812,
  "spec/models/proposal_spec.rb": 5.535696983337402,
  "spec/models/abilities/administrator_spec.rb": 2.2431821823120117,
  "spec/models/poll/final_recount_spec.rb": 0.1787703037261963,
  "spec/lib/graph_ql/query_type_creator_spec.rb": 0.012041091918945312,
  "spec/models/verification/management/email_spec.rb": 0.06403493881225586,
  "spec/models/flag_spec.rb": 0.46442556381225586,
  "spec/features/tags/budget_investments_spec.rb": 23.748523235321045,
  "spec/features/campaigns_spec.rb": 1.3289697170257568,
  "spec/features/admin/activity_spec.rb": 7.763890743255615,
  "spec/features/polls/questions_spec.rb": 2.61055326461792,
  "spec/features/polls/polls_spec.rb": 2.313369035720825,
  "spec/features/home_spec.rb": 0.9780440330505371,
  "spec/models/poll/partial_result_spec.rb": 0.3302469253540039,
  "spec/models/lock_spec.rb": 0.09437012672424316,
  "spec/lib/graph_ql/api_types_creator_spec.rb": 0.0069005489349365234,
  "spec/helpers/users_helper_spec.rb": 0.3229796886444092,
  "spec/lib/local_census_spec.rb": 0.011091947555541992,
  "spec/helpers/text_helper_spec.rb": 0.0005347728729248047,
  "spec/customization_engine_spec.rb": 1.3630127906799316,
  "spec/models/legislation/answer_spec.rb": 0.6906075477600098,
  "spec/models/budget/ballot/line_spec.rb": 0.5054352283477783,
  "spec/features/admin/proposals_spec.rb": 1.6710176467895508,
  "spec/features/proposal_ballots_spec.rb": 0.3399386405944824,
  "spec/models/site_customization/content_block_spec.rb": 0.014521121978759766,
  "spec/features/admin/site_customization/content_blocks_spec.rb": 1.2890841960906982,
  "spec/models/site_customization/page_spec.rb": 0.011090993881225586,
  "spec/features/verification/email_spec.rb": 1.0991628170013428,
  "spec/models/proposal_notification_spec.rb": 0.2569601535797119,
  "spec/features/registration_form_spec.rb": 0.7285032272338867,
  "spec/features/communities_spec.rb": 1.7133822441101074,
  "spec/features/admin/moderators_spec.rb": 1.2922589778900146,
  "spec/helpers/geozones_helper_spec.rb": 0.09812736511230469,
  "spec/features/welcome_spec.rb": 1.5019774436950684,
  "spec/controllers/comments_controller_spec.rb": 0.36508607864379883,
  "spec/features/admin/legislation/questions_spec.rb": 3.81538724899292,
  "spec/controllers/users/registrations_controller_spec.rb": 0.018311023712158203,
  "spec/features/comments/debates_spec.rb": 12.265411615371704,
  "spec/features/users_spec.rb": 11.05901050567627,
  "spec/models/budget/group_spec.rb": 0.04957008361816406,
  "spec/features/admin/poll/questions_spec.rb": 1.9041199684143066,
  "spec/helpers/admin_helper_spec.rb": 0.00651097297668457,
  "spec/models/abilities/organization_spec.rb": 0.24821996688842773,
  "spec/features/moderation/comments_spec.rb": 6.318082332611084,
  "spec/features/admin/poll/polls_spec.rb": 8.88325023651123,
  "spec/models/activity_spec.rb": 0.9704892635345459,
  "spec/features/verification/level_two_verification_spec.rb": 0.421832799911499,
  "spec/models/poll/officer_assignment_spec.rb": 0.029267072677612305,
  "spec/features/admin/verifications_spec.rb": 0.507885217666626,
  "spec/mailers/mailer_spec.rb": 0.07406282424926758,
  "spec/models/legislation/draft_version_spec.rb": 0.025011777877807617,
  "spec/models/budget/investment_spec.rb": 9.084597826004028,
  "spec/features/proposals_spec.rb": 183.71455550193787,
  "spec/features/tags_spec.rb": 2.949070453643799,
  "spec/features/tags/debates_spec.rb": 4.345250368118286,
  "spec/features/admin/geozones_spec.rb": 1.935765027999878,
  "spec/features/admin/feature_flags_spec.rb": 0.8357558250427246,
  "spec/models/user_spec.rb": 2.436626434326172,
  "spec/features/moderation/debates_spec.rb": 6.05112886428833,
  "spec/models/legislation/annotation_spec.rb": 0.21427702903747559,
  "spec/features/comments/proposals_spec.rb": 32.52879500389099,
  "spec/controllers/legislation/answers_controller_spec.rb": 0.3481717109680176,
  "spec/features/verification/sms_spec.rb": 1.2817349433898926,
  "spec/features/admin/budget_investments_spec.rb": 16.1332266330719,
  "spec/features/notifications_spec.rb": 14.857182264328003,
  "spec/lib/tag_sanitizer_spec.rb": 0.0005936622619628906,
  "spec/controllers/admin/api/stats_controller_spec.rb": 0.3948392868041992,
  "spec/features/comments/topics_spec.rb": 29.646622896194458,
  "spec/models/debate_spec.rb": 5.2278876304626465,
  "spec/lib/email_digests_spec.rb": 0.6660604476928711,
  "spec/models/abilities/everyone_spec.rb": 0.06328749656677246,
  "spec/features/direct_messages_spec.rb": 1.3006987571716309,
  "spec/features/debates_spec.rb": 28.736626386642456,
  "spec/models/setting_spec.rb": 0.07938265800476074,
  "spec/models/legislation/question_option_spec.rb": 0.058206796646118164,
  "spec/models/verification/management/document_spec.rb": 0.013574600219726562,
  "spec/models/poll/booth_spec.rb": 0.07824325561523438,
  "spec/features/admin/legislation/draft_versions_spec.rb": 3.750009059906006,
  "spec/features/admin/poll/officers_spec.rb": 1.4151291847229004,
  "spec/features/moderation_spec.rb": 1.9578778743743896,
  "spec/features/legislation/questions_spec.rb": 1.7689197063446045,
  "spec/features/officing/residence_spec.rb": 0.971078634262085,
  "spec/models/follow_spec.rb": 0.12199592590332031,
  "spec/lib/census_api_spec.rb": 0.0019702911376953125,
  "spec/models/tag_cloud_spec.rb": 1.5725350379943848,
  "spec/models/budget_spec.rb": 0.2335052490234375,
  "spec/features/management/localization_spec.rb": 1.1911811828613281,
  "spec/features/legislation/draft_versions_spec.rb": 8.151643514633179,
  "spec/models/budget/heading_spec.rb": 0.09901237487792969,
  "spec/models/poll/poll_spec.rb": 0.46999382972717285,
  "spec/models/custom/residence_spec.rb": 0.050164222717285156,
  "spec/models/notification_spec.rb": 0.39408183097839355,
  "spec/features/budgets/ballots_spec.rb": 27.406018257141113,
  "spec/mailers/devise_mailer_spec.rb": 0.16486406326293945,
  "spec/features/admin/debates_spec.rb": 1.546919345855713,
  "spec/features/valuation/budgets_spec.rb": 0.2552778720855713,
  "spec/models/abilities/common_spec.rb": 6.724466562271118,
  "spec/models/residence_spec.rb": 0.24986696243286133,
  "spec/features/officing/voters_spec.rb": 2.954087257385254,
  "spec/models/vote_spec.rb": 1.3241477012634277,
  "spec/lib/migrate_spending_proposals_to_investments_spec.rb": 1.1774518489837646,
  "spec/controllers/management/users_controller_spec.rb": 0.007733821868896484,
  "spec/helpers/proposals_helper_spec.rb": 0.21885180473327637,
  "spec/features/ckeditor_spec.rb": 0.7726309299468994,
  "spec/lib/census_caller_spec.rb": 0.009332895278930664,
  "spec/features/tracks_spec.rb": 2.7082908153533936,
  "spec/features/admin/budgets_spec.rb": 4.468225002288818,
  "spec/features/admin/valuators_spec.rb": 1.3326430320739746,
  "spec/features/admin/banners_spec.rb": 3.302579164505005,
  "spec/features/account_spec.rb": 2.30243182182312,
  "spec/features/budgets/budgets_spec.rb": 1.0318260192871094,
  "spec/models/poll/answer_spec.rb": 0.11362218856811523,
  "spec/features/comments/budget_investments_spec.rb": 16.92409658432007,
  "spec/features/budgets/results_spec.rb": 2.589841365814209,
  "spec/features/valuation_spec.rb": 2.126727819442749,
  "spec/features/stats_spec.rb": 0.8516559600830078,
  "spec/features/admin/poll/booths_spec.rb": 1.766916275024414,