{
  "spec/models/poll/question_spec.rb": 0.4113786220550537,
  "spec/features/admin/debates_spec.rb": 4.685954332351685,
  "spec/features/admin/feature_flags_spec.rb": 1.7080061435699463,
  "spec/models/community_spec.rb": 0.20076465606689453,
  "spec/lib/graph_ql/query_type_creator_spec.rb": 0.010180950164794922,
  "spec/models/legislation/question_spec.rb": 0.3902854919433594,
  "spec/features/custom/admin/probes_spec.rb": 0.24930882453918457,
  "spec/lib/census_api_spec.rb": 0.0037305355072021484,
  "spec/models/map_location_spec.rb": 0.16184043884277344,
  "spec/features/ballots_spec.rb": 26.315863847732544,
  "spec/features/admin/hidden_users_spec.rb": 2.019798994064331,
  "spec/features/admin/legislation/questions_spec.rb": 5.315150260925293,
  "spec/features/representatives_spec.rb": 1.0193440914154053,
  "spec/controllers/management/users_controller_spec.rb": 0.012445926666259766,
  "spec/models/ahoy/data_source_spec.rb": 0.06378388404846191,
  "spec/features/officing/nvotes_spec.rb": 524.7672681808472,
  "spec/models/ballot_spec.rb": 0.8159258365631104,
  "spec/features/verification/verification_path_spec.rb": 2.1168086528778076,
  "spec/helpers/comments_helper_spec.rb": 0.01703619956970215,
  "spec/features/stats_spec.rb": 1.183513879776001,
  "spec/controllers/comments_controller_spec.rb": 0.45180201530456543,
  "spec/features/admin/poll/polls_spec.rb": 15.04827618598938,
  "spec/features/tags/debates_spec.rb": 5.822093486785889,
  "spec/models/abilities/moderator_spec.rb": 3.5896596908569336,
  "spec/features/admin/poll/booths_spec.rb": 3.840582847595215,
  "spec/features/verification/verified_user_spec.rb": 1.9530842304229736,
  "spec/lib/manager_authenticator_spec.rb": 0.0037398338317871094,
  "spec/features/campaigns_spec.rb": 2.1064600944519043,
  "spec/lib/migrate_spending_proposals_to_investments_spec.rb": 1.5487968921661377,
  "spec/lib/acts_as_paranoid_aliases_spec.rb": 0.383836030960083,
  "spec/controllers/management/base_controller_spec.rb": 0.02448129653930664,
  "spec/models/flag_spec.rb": 0.6687920093536377,
  "spec/models/budget/investment_spec.rb": 14.994622707366943,
  "spec/controllers/concerns/has_filters_spec.rb": 0.08590149879455566,
  "spec/features/tags/budget_investments_spec.rb": 22.818097829818726,
  "spec/features/proceedings_spec.rb": 1.7413303852081299,
  "spec/features/comments/polls_spec.rb": 10.669852256774902,
  "spec/helpers/geozones_helper_spec.rb": 0.15816998481750488,
  "spec/models/legislation/answer_spec.rb": 0.14943981170654297,
  "spec/models/verification/management/email_spec.rb": 0.060259103775024414,
  "spec/helpers/application_helper_spec.rb": 0.10107612609863281,
  "spec/models/abilities/valuator_spec.rb": 1.4728491306304932,
  "spec/features/site_customization/content_blocks_spec.rb": 0.4336690902709961,
  "spec/features/comments/spending_proposals_spec.rb": 18.62460446357727,
  "spec/features/open_plenary_spec.rb": 1.528090000152588,
  "spec/models/custom/residence_spec.rb": 0.08121013641357422,
  "spec/controllers/legislation/answers_controller_spec.rb": 0.6284997463226318,
  "spec/features/legislation/draft_versions_spec.rb": 15.143495082855225,
  "spec/lib/acts_as_taggable_on_spec.rb": 1.0985991954803467,
  "spec/models/proposal_spec.rb": 8.265884637832642,
  "spec/models/budget/ballot/line_spec.rb": 0.7587196826934814,
  "spec/models/budget/investment/milestone_spec.rb": 0.21402525901794434,
  "spec/models/poll/booth_spec.rb": 0.07286953926086426,
  "spec/helpers/tags_helper_spec.rb": 0.11334800720214844,
  "spec/features/account_spec.rb": 2.9917173385620117,
  "spec/features/admin/site_customization/pages_spec.rb": 1.779515027999878,
  "spec/models/residence_spec.rb": 0.5305266380310059,
  "spec/models/direct_message_spec.rb": 0.5959908962249756,
  "spec/features/budgets/ballots_spec.rb": 38.84289002418518,
  "spec/models/lock_spec.rb": 0.12356376647949219,
  "spec/models/spending_proposal_spec.rb": 7.0743279457092285,
  "spec/features/tags_spec.rb": 5.7078258991241455,
  "spec/features/tracks_spec.rb": 30.507638454437256,
  "spec/features/admin/organizations_spec.rb": 4.922560691833496,
  "spec/models/poll/voter_spec.rb": 1.314896821975708,
  "spec/models/topic_spec.rb": 0.3825111389160156,
  "spec/models/site_customization/content_block_spec.rb": 0.012756109237670898,
  "spec/models/budget/result_spec.rb": 1.1404061317443848,
  "spec/features/moderation_spec.rb": 1.6457560062408447,
  "spec/features/verification/residence_spec.rb": 4.755038022994995,
  "spec/features/forum_spec.rb": 3.0343916416168213,
  "spec/models/custom/probe_spec.rb": 0.12480378150939941,
  "spec/models/vote_spec.rb": 1.4361381530761719,
  "spec/features/localization_spec.rb": 1.0873346328735352,
  "spec/features/admin/spending_proposals_spec.rb": 43.55139923095703,
  "spec/models/debate_spec.rb": 6.622976303100586,
  "spec/models/poll/recount_spec.rb": 0.49164295196533203,
  "spec/features/verification/email_spec.rb": 0.8726081848144531,
  "spec/models/direct_upload_spec.rb": 1.4219040870666504,
  "spec/helpers/admin_helper_spec.rb": 0.007555961608886719,
  "spec/models/legislation/process/phase_spec.rb": 0.11575913429260254,
  "spec/lib/tasks/communities_spec.rb": 0.5466132164001465,
  "spec/models/abilities/everyone_spec.rb": 0.1183924674987793,
  "spec/features/admin/poll/questions/answers/videos/videos_spec.rb": 0.6315457820892334,
  "spec/features/admin/users_spec.rb": 0.8174088001251221,
  "spec/models/budget/ballot_spec.rb": 0.9689383506774902,
  "spec/models/site_customization/page_spec.rb": 0.00930023193359375,
  "spec/features/management/managed_users_spec.rb": 2.542022228240967,
  "spec/features/api/csv_exporter_spec.rb": 6.738290071487427,
  "spec/features/admin/managers_spec.rb": 2.8880958557128906,
  "spec/models/budget/heading_spec.rb": 0.18131566047668457,
  "spec/models/stat_spec.rb": 0.08457016944885254,
  "spec/features/answers_spec.rb": 0.32512998580932617,
  "spec/features/officing/booth_spec.rb": 0.6980104446411133,
  "spec/features/debates_spec.rb": 50.59911632537842,
  "spec/features/moderation/comments_spec.rb": 15.70352578163147,
  "spec/models/tag_cloud_spec.rb": 2.1278913021087646,
  "spec/features/moderation/debates_spec.rb": 7.585601806640625,
  "spec/features/budgets/budgets_spec.rb": 1.3759937286376953,
  "spec/features/admin/budget_investments_spec.rb": 36.39394497871399,
  "spec/features/polls/answers_spec.rb": 19.73750400543213,
  "spec/models/budget_spec.rb": 0.2517118453979492,
  "spec/features/emails_spec.rb": 26.24244737625122,
  "spec/models/poll/nvote_spec.rb": 0.7337026596069336,
  "spec/features/admin/comments_spec.rb": 4.325582265853882,
  "spec/features/admin/site_customization/content_blocks_spec.rb": 2.7113094329833984,
  "spec/features/legislation/processes_spec.rb": 4.549639940261841,
  "spec/features/verification/level_two_verification_spec.rb": 0.7386600971221924,
  "spec/features/comments/proposals_spec.rb": 37.29893708229065,
  "spec/features/budgets/recommendation_spec.rb": 4.8530433177948,
  "spec/models/poll/shift_spec.rb": 0.34197473526000977,
  "spec/features/sessions_spec.rb": 0.4895808696746826,
  "spec/models/setting_spec.rb": 0.08426094055175781,
  "spec/features/legislation/questions_spec.rb": 1.9304172992706299,
  "spec/features/verification/sms_spec.rb": 1.8932104110717773,
  "spec/features/admin/stats_spec.rb": 17.72431993484497,
  "spec/models/organization_spec.rb": 0.13542675971984863,
  "spec/views/welcome/index.html.erb_spec.rb": 0.12992620468139648,
  "spec/features/votes_spec.rb": 24.551015853881836,
  "spec/features/proposal_notifications_spec.rb": 4.892710208892822,
  "spec/features/valuation/spending_proposals_spec.rb": 14.171600103378296,
  "spec/features/officing/results_spec.rb": 2.0636167526245117,
  "spec/models/signature_spec.rb": 2.239175796508789,
  "spec/features/budgets/votes_spec.rb": 4.868466854095459,
  "spec/features/users_auth_spec.rb": 9.385294437408447,
  "spec/features/direct_messages_spec.rb": 2.2325406074523926,