{
  "spec/features/verification/level_two_verification_spec.rb": 4.152345180511475,
  "spec/controllers/debates_controller_spec.rb": 1.7511157989501953,
  "spec/features/admin/officials_spec.rb": 2.019256591796875,
  "spec/models/budget/result_spec.rb": 2.633146286010742,
  "spec/features/legislation/proposals_spec.rb": 42.61648464202881,
  "spec/models/legislation/question_spec.rb": 12.189913988113403,
  "spec/features/verification/letter_spec.rb": 9.701874017715454,
  "spec/helpers/geozones_helper_spec.rb": 3.910735845565796,
  "spec/lib/census_caller_spec.rb": 1.0780270099639893,
  "spec/models/signature_spec.rb": 12.297919988632202,
  "spec/features/valuation/budgets_spec.rb": 3.570608615875244,
  "spec/features/custom/probe_option_comments_spec.rb": 38.97853350639343,
  "spec/features/admin/site_customization/images_spec.rb": 2.9925687313079834,
  "spec/models/tag_spec.rb": 1.093980312347412,
  "spec/models/custom/probe_option_spec.rb": 1.3826079368591309,
  "spec/models/poll/answer_spec.rb": 2.0188791751861572,
  "spec/controllers/legislation/annotations_controller_spec.rb": 5.298044204711914,
  "spec/controllers/concerns/has_filters_spec.rb": 2.4875786304473877,
  "spec/models/site_customization/content_block_spec.rb": 1.2683355808258057,
  "spec/features/verification/sms_spec.rb": 4.834930181503296,
  "spec/features/officing/voters_spec.rb": 39.07183337211609,
  "spec/features/polls/questions_spec.rb": 2.9222917556762695,
  "spec/models/verification/management/email_spec.rb": 7.373598098754883,
  "spec/controllers/installation_controller_spec.rb": 2.6461989879608154,
  "spec/helpers/text_helper_spec.rb": 2.111508846282959,
  "spec/features/polls/voter_spec.rb": 42.065234661102295,
  "spec/models/legislation/draft_version_spec.rb": 1.050083875656128,
  "spec/features/votes_spec.rb": 56.382659673690796,
  "spec/models/activity_spec.rb": 3.965075969696045,
  "spec/features/answers_spec.rb": 0.6461780071258545,
  "spec/features/admin/site_customization/content_blocks_spec.rb": 6.95622992515564,
  "spec/features/tags/debates_spec.rb": 12.99068546295166,
  "spec/features/management/budget_investments_spec.rb": 25.344594478607178,
  "spec/models/proposal_notification_spec.rb": 7.912226676940918,
  "spec/lib/acts_as_taggable_on_spec.rb": 6.432300090789795,
  "spec/features/verification/residence_spec.rb": 11.670744180679321,
  "spec/features/admin/geozones_spec.rb": 5.746869325637817,
  "spec/helpers/admin_helper_spec.rb": 0.6310179233551025,
  "spec/models/budget/heading_spec.rb": 4.268619060516357,
  "spec/features/users_spec.rb": 45.39559602737427,
  "spec/models/document_spec.rb": 9.647190570831299,
  "spec/models/budget/group_spec.rb": 2.6244187355041504,
  "spec/features/admin/comments_spec.rb": 7.170602321624756,
  "spec/lib/tasks/sitemap_spec.rb": 1.9205338954925537,
  "spec/models/redeemable_code_spec.rb": 7.094894886016846,
  "spec/features/moderation/debates_spec.rb": 21.74977970123291,
  "spec/models/debate_spec.rb": 50.22225761413574,
  "spec/models/abilities/organization_spec.rb": 6.620485782623291,
  "spec/models/abilities/officing/voter_spec.rb": 1.1084699630737305,
  "spec/features/management/account_spec.rb": 2.8396170139312744,
  "spec/features/admin/users_spec.rb": 1.6666300296783447,
  "spec/features/custom/admin/probes_spec.rb": 0.7696189880371094,
  "spec/features/voluteer_poll_spec.rb": 1.9170382022857666,
  "spec/features/admin/proposals_spec.rb": 9.368720769882202,
  "spec/i18n_spec.rb": 138.55787682533264,
  "spec/features/comments/polls_spec.rb": 32.712416887283325,
  "spec/models/abilities/moderator_spec.rb": 25.167349100112915,
  "spec/features/budgets/ballots_spec.rb": 71.50765204429626,
  "spec/models/custom/verification/residence_spec.rb": 0.8810887336730957,
  "spec/models/map_location_spec.rb": 2.677760362625122,
  "spec/features/management/managed_users_spec.rb": 7.216021776199341,
  "spec/features/admin/valuators_spec.rb": 6.677026271820068,
  "spec/models/poll/officer_spec.rb": 2.7418103218078613,
  "spec/models/verification/management/document_spec.rb": 2.177140712738037,
  "spec/features/users_auth_spec.rb": 18.10168147087097,
  "spec/features/admin/organizations_spec.rb": 8.745059251785278,
  "spec/controllers/management/base_controller_spec.rb": 0.7457709312438965,
  "spec/features/proposal_notifications_spec.rb": 27.27472686767578,
  "spec/models/poll/booth_assignment_spec.rb": 0.8728158473968506,
  "spec/models/poll/question_spec.rb": 1.4157979488372803,
  "spec/helpers/votes_helper_spec.rb": 1.303215742111206,
  "spec/features/admin/stats_spec.rb": 39.28397059440613,
  "spec/features/comments/budget_investments_spec.rb": 64.93246364593506,
  "spec/features/legislation/draft_versions_spec.rb": 25.861120223999023,
  "spec/models/verification/letter_spec.rb": 2.2790145874023438,
  "spec/features/admin/budget_phases_spec.rb": 1.2671349048614502,
  "spec/features/officing/results_spec.rb": 3.5330870151519775,
  "spec/features/admin_spec.rb": 4.027982234954834,
  "spec/models/signature_sheet_spec.rb": 6.405895233154297,
  "spec/features/polls/nvotes_spec.rb": 1.765122890472412,
  "spec/features/budgets/results_spec.rb": 13.95675253868103,
  "spec/features/registration_form_spec.rb": 4.785336971282959,
  "spec/features/user_invites_spec.rb": 0.7426187992095947,
  "spec/helpers/proposals_helper_spec.rb": 2.6168694496154785,
  "spec/features/emails_spec.rb": 73.06199359893799,
  "spec/models/ahoy/data_source_spec.rb": 1.1941771507263184,
  "spec/features/admin/hidden_users_spec.rb": 4.073435544967651,
  "spec/features/spending_proposals_spec.rb": 31.543907165527344,
  "spec/controllers/graphql_controller_spec.rb": 4.416074752807617,
  "spec/models/abilities/common_spec.rb": 165.21556067466736,
  "spec/models/legislation/answer_spec.rb": 1.9512934684753418,
  "spec/features/moderation/comments_spec.rb": 27.355748891830444,
  "spec/models/lock_spec.rb": 3.1379663944244385,
  "spec/features/management/proposals_spec.rb": 18.80706024169922,
  "spec/models/notification_spec.rb": 5.060115098953247,
  "spec/features/site_customization/custom_pages_spec.rb": 4.543428897857666,
  "spec/features/welcome_spec.rb": 7.531253337860107,
  "spec/helpers/tracks_helper_spec.rb": 1.7440941333770752,
  "spec/models/poll/shift_spec.rb": 8.30710482597351,
  "spec/lib/local_census_spec.rb": 2.620023727416992,
  "spec/features/valuation/spending_proposals_spec.rb": 25.99691891670227,
  "spec/lib/wysiwyg_sanitizer_spec.rb": 0.5945260524749756,
  "spec/features/comments/topics_spec.rb": 97.95775532722473,
  "spec/features/budgets/votes_spec.rb": 14.689911842346191,
  "spec/models/abilities/valuator_spec.rb": 27.34200429916382,
  "spec/features/tracks_spec.rb": 41.91041374206543,
  "spec/features/debates_spec.rb": 133.55004000663757,
  "spec/lib/tasks/dev_seed_spec.rb": 335.56847310066223,
  "spec/models/abilities/everyone_spec.rb": 7.711766004562378,
  "spec/features/site_customization/content_blocks_spec.rb": 1.1854331493377686,
  "spec/features/moderation/users_spec.rb": 2.2688088417053223,
  "spec/models/legislation/process/phase_spec.rb": 1.6000831127166748,
  "spec/controllers/users/registrations_controller_spec.rb": 0.4761927127838135,
  "spec/features/communities_spec.rb": 5.424416780471802,
  "spec/models/poll/voter_spec.rb": 7.834850072860718,
  "spec/features/proposal_ballots_spec.rb": 1.113081932067871,
  "spec/helpers/spending_proposals_helper_spec.rb": 1.8854217529296875,
  "spec/features/admin/poll/polls_spec.rb": 23.96385097503662,
  "spec/customization_engine_spec.rb": 3.0010900497436523,
  "spec/models/budget/ballot/line_spec.rb": 5.5638511180877686,
  "spec/features/admin/administrators_spec.rb": 8.422392129898071,
  "spec/models/topic_spec.rb": 9.69275426864624,
  "spec/features/admin/legislation/draft_versions_spec.rb": 5.701158046722412,
  "spec/features/comments/debates_spec.rb": 40.24301099777222,
  "spec/controllers/management/users_controller_spec.rb": 0.37154626846313477,