{
  "spec/helpers/verification_helper_spec.rb": 0.608875036239624,
  "spec/features/admin/geozones_spec.rb": 4.660494089126587,
  "spec/models/related_content_spec.rb": 1.5533714294433594,
  "spec/features/welcome_spec.rb": 3.997528314590454,
  "spec/models/custom/verification/residence_spec.rb": 0.40276026725769043,
  "spec/features/registration_form_spec.rb": 6.13379168510437,
  "spec/features/site_customization/custom_pages_spec.rb": 2.2808172702789307,
  "spec/lib/acts_as_taggable_on_spec.rb": 2.4765632152557373,
  "spec/models/budget/phase_spec.rb": 10.283318281173706,
  "spec/helpers/admin_helper_spec.rb": 0.418198823928833,
  "spec/features/officing/voters_spec.rb": 11.505758047103882,
  "spec/controllers/admin/api/stats_controller_spec.rb": 1.5848593711853027,
  "spec/models/legislation/annotation_spec.rb": 0.8429396152496338,
  "spec/models/vote_spec.rb": 3.6279616355895996,
  "spec/lib/tasks/dev_seed_spec.rb": 103.94788885116577,
  "spec/lib/acts_as_paranoid_aliases_spec.rb": 0.7450766563415527,
  "spec/features/admin/poll/officers_spec.rb": 2.464472770690918,
  "spec/models/poll/question_spec.rb": 0.6296992301940918,
  "spec/features/comments/legislation_annotations_spec.rb": 30.956551790237427,
  "spec/helpers/application_helper_spec.rb": 0.603034257888794,
  "spec/features/legislation/draft_versions_spec.rb": 13.611697435379028,
  "spec/controllers/graphql_controller_spec.rb": 2.693401575088501,
  "spec/models/poll/booth_assignment_spec.rb": 0.4990086555480957,
  "spec/features/officing/booth_spec.rb": 1.950340747833252,
  "spec/models/flag_spec.rb": 1.7501795291900635,
  "spec/models/verification/management/document_spec.rb": 1.0133154392242432,
  "spec/features/custom/probes_spec.rb": 3.418919801712036,
  "spec/models/site_customization/content_block_spec.rb": 0.3459653854370117,
  "spec/helpers/comments_helper_spec.rb": 1.1484813690185547,
  "spec/features/tags/proposals_spec.rb": 11.065846920013428,
  "spec/models/stat_spec.rb": 1.5720958709716797,
  "spec/models/custom/probe_spec.rb": 1.0850937366485596,
  "spec/features/verification/level_two_verification_spec.rb": 1.0201139450073242,
  "spec/features/budgets/ballots_spec.rb": 42.975178718566895,
  "spec/lib/tasks/communities_spec.rb": 0.7691390514373779,
  "spec/features/admin/comments_spec.rb": 5.241238355636597,
  "spec/features/direct_messages_spec.rb": 2.6812546253204346,
  "spec/models/budget/investment/milestone_spec.rb": 1.4541075229644775,
  "spec/models/poll/nvote_spec.rb": 3.524775981903076,
  "spec/features/legislation/questions_spec.rb": 2.296539783477783,
  "spec/models/map_location_spec.rb": 1.604903221130371,
  "spec/lib/email_digests_spec.rb": 2.0406203269958496,
  "spec/models/direct_message_spec.rb": 2.0284507274627686,
  "spec/features/admin/debates_spec.rb": 2.4982101917266846,
  "spec/features/admin/signature_sheets_spec.rb": 2.4131438732147217,
  "spec/lib/census_api_spec.rb": 2.4062888622283936,
  "spec/features/admin/administrators_spec.rb": 4.702371597290039,
  "spec/features/budgets/recommendation_spec.rb": 6.7591471672058105,
  "spec/lib/manager_authenticator_spec.rb": 1.8454689979553223,
  "spec/features/management/localization_spec.rb": 2.6531190872192383,
  "spec/features/legislation/processes_spec.rb": 10.074852705001831,
  "spec/models/volunteer_poll_spec.rb": 1.197786808013916,
  "spec/features/admin_spec.rb": 2.342266082763672,
  "spec/models/verification/management/email_spec.rb": 1.220165729522705,
  "spec/models/abilities/everyone_spec.rb": 5.046594858169556,
  "spec/features/admin/proposals_spec.rb": 3.3989059925079346,
  "spec/models/poll/poll_spec.rb": 8.984101057052612,
  "spec/models/verification/residence_spec.rb": 3.549543857574463,
  "spec/features/admin/valuators_spec.rb": 4.849989175796509,
  "spec/features/admin/legislation/draft_versions_spec.rb": 4.3848748207092285,
  "spec/features/admin/budget_phases_spec.rb": 0.588371992111206,
  "spec/features/admin/poll/polls_spec.rb": 15.793623447418213,
  "spec/helpers/geozones_helper_spec.rb": 1.8361632823944092,
  "spec/models/follow_spec.rb": 0.8956348896026611,
  "spec/models/document_spec.rb": 7.038722038269043,
  "spec/features/valuation/spending_proposals_spec.rb": 14.074136734008789,
  "spec/models/direct_upload_spec.rb": 2.98067569732666,
  "spec/models/legislation/process/phase_spec.rb": 1.4442517757415771,
  "spec/features/proceedings_spec.rb": 1.78725266456604,
  "spec/models/proposal_spec.rb": 31.47395610809326,
  "spec/features/home_spec.rb": 5.188127040863037,
  "spec/models/valuator_spec.rb": 2.201792001724243,
  "spec/features/admin/managers_spec.rb": 4.438253879547119,
  "spec/views/welcome/index.html.erb_spec.rb": 0.47798919677734375,
  "spec/lib/tasks/map_location_spec.rb": 0.24622392654418945,
  "spec/features/admin/budgets_spec.rb": 15.748675346374512,
  "spec/lib/tag_sanitizer_spec.rb": 0.911639928817749,
  "spec/features/votes_spec.rb": 28.53348159790039,
  "spec/features/admin/poll/questions_spec.rb": 2.525299310684204,
  "spec/models/ballot_spec.rb": 1.3461289405822754,
  "spec/features/verification/sms_spec.rb": 2.5191376209259033,
  "spec/models/officing/residence_spec.rb": 3.7635183334350586,
  "spec/models/abilities/administrator_spec.rb": 14.251726388931274,
  "spec/models/budget/ballot_spec.rb": 3.2248806953430176,
  "spec/controllers/concerns/has_orders_spec.rb": 1.9453661441802979,
  "spec/features/officing/letters_spec.rb": 6.07794976234436,
  "spec/models/poll/voter_spec.rb": 5.917122840881348,
  "spec/helpers/votes_helper_spec.rb": 1.0398013591766357,
  "spec/features/account_spec.rb": 5.686861515045166,
  "spec/controllers/users/registrations_controller_spec.rb": 0.5759680271148682,
  "spec/models/abilities/moderator_spec.rb": 14.166484832763672,
  "spec/models/abilities/officing/voter_spec.rb": 0.35295677185058594,
  "spec/features/valuation/budgets_spec.rb": 1.5771548748016357,
  "spec/features/admin/poll/officer_assignments_spec.rb": 1.891880989074707,
  "spec/features/open_plenary_spec.rb": 1.3898696899414062,
  "spec/features/debates_spec.rb": 75.68042254447937,
  "spec/features/admin/admin_notifications_spec.rb": 12.241143703460693,
  "spec/models/abilities/common_spec.rb": 65.20337963104248,
  "spec/models/poll/officer_assignment_spec.rb": 0.24271678924560547,
  "spec/helpers/proposals_helper_spec.rb": 1.6488807201385498,
  "spec/models/comment_spec.rb": 6.457434177398682,
  "spec/features/communities_spec.rb": 3.56381893157959,
  "spec/features/comments/budget_investments_spec.rb": 31.650795221328735,
  "spec/features/officing/results_spec.rb": 1.989553451538086,
  "spec/models/legislation/answer_spec.rb": 0.6323630809783936,
  "spec/features/stats_spec.rb": 1.3419933319091797,
  "spec/helpers/text_helper_spec.rb": 0.4070150852203369,
  "spec/lib/migrate_spending_proposals_to_investments_spec.rb": 3.8578779697418213,
  "spec/lib/tasks/sitemap_spec.rb": 0.8570430278778076,
  "spec/mailers/devise_mailer_spec.rb": 0.45734095573425293,
  "spec/features/admin/valuator_groups_spec.rb": 2.722977876663208,
  "spec/features/officing/residence_spec.rb": 4.5128796100616455,
  "spec/features/organizations_spec.rb": 1.373720645904541,
  "spec/features/comments/budget_investments_valuation_spec.rb": 23.727830171585083,
  "spec/models/custom/probe_selection_spec.rb": 0.32594799995422363,
  "spec/features/moderation_spec.rb": 2.3855111598968506,
  "spec/lib/graph_ql/query_type_creator_spec.rb": 0.5780799388885498,
  "spec/features/voluteer_poll_spec.rb": 0.6854979991912842,
  "spec/features/proposal_notifications_spec.rb": 17.662540435791016,
  "spec/features/human_rights_spec.rb": 14.159711122512817,
  "spec/features/admin/budget_investment_milestones_spec.rb": 4.958303928375244,
  "spec/features/legislation/proposals_spec.rb": 24.242188453674316,
  "spec/features/verification/verification_path_spec.rb": 2.5488202571868896,
  "spec/features/polls/voter_spec.rb": 24.175565719604492,
  "spec/features/users_spec.rb": 32.04992699623108,